1784387021367|28|statement|connection 4515|url jdbc:mysql://localhost:3306/letmedowith_test|     alter table dowith_task         drop         foreign key FKkjm1t4jam94wtf486023jdaam|     alter table dowith_task         drop         foreign key FKkjm1t4jam94wtf486023jdaam
1784387021377|9|statement|connection 4515|url jdbc:mysql://localhost:3306/letmedowith_test|     alter table dowith_task_like         drop         foreign key FKe3yxe45m46uwf8fhgul36un9v|     alter table dowith_task_like         drop         foreign key FKe3yxe45m46uwf8fhgul36un9v
1784387021395|17|statement|connection 4515|url jdbc:mysql://localhost:3306/letmedowith_test|     alter table dowith_task_success         drop         foreign key FKg8cantau9xpnh63og64mn8svu|     alter table dowith_task_success         drop         foreign key FKg8cantau9xpnh63og64mn8svu
1784387021409|13|statement|connection 4515|url jdbc:mysql://localhost:3306/letmedowith_test|     alter table member_alarm_setting         drop         foreign key FKj6uf0pevg5lu24k0fe5j1e38p|     alter table member_alarm_setting         drop         foreign key FKj6uf0pevg5lu24k0fe5j1e38p
1784387021425|16|statement|connection 4515|url jdbc:mysql://localhost:3306/letmedowith_test|     alter table member_badge         drop         foreign key FK39altb7wsyx1gyx3m492wf2kb|     alter table member_badge         drop         foreign key FK39altb7wsyx1gyx3m492wf2kb
1784387021440|15|statement|connection 4515|url jdbc:mysql://localhost:3306/letmedowith_test|     alter table member_follow         drop         foreign key FKrshygjds7c4j7prtkkok4ax6p|     alter table member_follow         drop         foreign key FKrshygjds7c4j7prtkkok4ax6p
1784387021450|9|statement|connection 4515|url jdbc:mysql://localhost:3306/letmedowith_test|     alter table member_follow         drop         foreign key FK1wlcnyo4j7gl8oxjje8m27119|     alter table member_follow         drop         foreign key FK1wlcnyo4j7gl8oxjje8m27119
1784387021460|9|statement|connection 4515|url jdbc:mysql://localhost:3306/letmedowith_test|     alter table member_social_account         drop         foreign key FK3f6sh5arekj1s8ta6j8g6ojtx|     alter table member_social_account         drop         foreign key FK3f6sh5arekj1s8ta6j8g6ojtx
1784387021471|10|statement|connection 4515|url jdbc:mysql://localhost:3306/letmedowith_test|     alter table member_status_history         drop         foreign key FK2oi1yq1grh5gq36u5w5rakqau|     alter table member_status_history         drop         foreign key FK2oi1yq1grh5gq36u5w5rakqau
1784387021480|9|statement|connection 4515|url jdbc:mysql://localhost:3306/letmedowith_test|     alter table member_term_agree         drop         foreign key FK27udwntf6y3danhk4kf00ifyt|     alter table member_term_agree         drop         foreign key FK27udwntf6y3danhk4kf00ifyt
1784387021492|12|statement|connection 4515|url jdbc:mysql://localhost:3306/letmedowith_test|     alter table notice_content_image         drop         foreign key FK6f5n3sm0d6ri9vspt8lak50lo|     alter table notice_content_image         drop         foreign key FK6f5n3sm0d6ri9vspt8lak50lo
1784387021501|8|statement|connection 4515|url jdbc:mysql://localhost:3306/letmedowith_test|     alter table ranking_entry         drop         foreign key FKbftpjnfqcg0ulghsw14tjjyk|     alter table ranking_entry         drop         foreign key FKbftpjnfqcg0ulghsw14tjjyk
1784387021511|9|statement|connection 4515|url jdbc:mysql://localhost:3306/letmedowith_test|     alter table ranking_topic         drop         foreign key FK1300ardn1ltmbfpp4rkuk97yd|     alter table ranking_topic         drop         foreign key FK1300ardn1ltmbfpp4rkuk97yd
1784387021520|8|statement|connection 4515|url jdbc:mysql://localhost:3306/letmedowith_test|     alter table ranking_topic_round         drop         foreign key FKgv4exjxd1tobi4i9748n1suts|     alter table ranking_topic_round         drop         foreign key FKgv4exjxd1tobi4i9748n1suts
1784387021527|7|statement|connection 4515|url jdbc:mysql://localhost:3306/letmedowith_test|     alter table task_feedback_template_message         drop         foreign key FK2xw1gd0ww0s08iv3lo6qat0oo|     alter table task_feedback_template_message         drop         foreign key FK2xw1gd0ww0s08iv3lo6qat0oo
1784387021536|9|statement|connection 4515|url jdbc:mysql://localhost:3306/letmedowith_test|     alter table todo_task         drop         foreign key FKq9txtlns4mgoyh11t1jqumpme|     alter table todo_task         drop         foreign key FKq9txtlns4mgoyh11t1jqumpme
1784387021548|11|statement|connection 4515|url jdbc:mysql://localhost:3306/letmedowith_test|     drop table if exists badge|     drop table if exists badge
1784387021560|11|statement|connection 4515|url jdbc:mysql://localhost:3306/letmedowith_test|     drop table if exists dev_refresh_token|     drop table if exists dev_refresh_token
1784387021571|10|statement|connection 4515|url jdbc:mysql://localhost:3306/letmedowith_test|     drop table if exists dowith_task|     drop table if exists dowith_task
1784387021584|12|statement|connection 4515|url jdbc:mysql://localhost:3306/letmedowith_test|     drop table if exists dowith_task_feedback|     drop table if exists dowith_task_feedback
1784387021601|17|statement|connection 4515|url jdbc:mysql://localhost:3306/letmedowith_test|     drop table if exists dowith_task_like|     drop table if exists dowith_task_like
1784387021608|7|statement|connection 4515|url jdbc:mysql://localhost:3306/letmedowith_test|     drop table if exists dowith_task_routine|     drop table if exists dowith_task_routine
1784387021618|9|statement|connection 4515|url jdbc:mysql://localhost:3306/letmedowith_test|     drop table if exists dowith_task_success|     drop table if exists dowith_task_success
1784387021627|8|statement|connection 4515|url jdbc:mysql://localhost:3306/letmedowith_test|     drop table if exists holiday|     drop table if exists holiday
1784387021636|9|statement|connection 4515|url jdbc:mysql://localhost:3306/letmedowith_test|     drop table if exists member|     drop table if exists member
1784387021644|7|statement|connection 4515|url jdbc:mysql://localhost:3306/letmedowith_test|     drop table if exists member_alarm_setting|     drop table if exists member_alarm_setting
1784387021653|8|statement|connection 4515|url jdbc:mysql://localhost:3306/letmedowith_test|     drop table if exists member_badge|     drop table if exists member_badge
1784387021662|9|statement|connection 4515|url jdbc:mysql://localhost:3306/letmedowith_test|     drop table if exists member_follow|     drop table if exists member_follow
1784387021671|8|statement|connection 4515|url jdbc:mysql://localhost:3306/letmedowith_test|     drop table if exists member_social_account|     drop table if exists member_social_account
1784387021679|8|statement|connection 4515|url jdbc:mysql://localhost:3306/letmedowith_test|     drop table if exists member_status_history|     drop table if exists member_status_history
1784387021686|6|statement|connection 4515|url jdbc:mysql://localhost:3306/letmedowith_test|     drop table if exists member_term_agree|     drop table if exists member_term_agree
1784387021695|8|statement|connection 4515|url jdbc:mysql://localhost:3306/letmedowith_test|     drop table if exists notice|     drop table if exists notice
1784387021704|8|statement|connection 4515|url jdbc:mysql://localhost:3306/letmedowith_test|     drop table if exists notice_content_image|     drop table if exists notice_content_image
1784387021713|9|statement|connection 4515|url jdbc:mysql://localhost:3306/letmedowith_test|     drop table if exists notification|     drop table if exists notification
1784387021722|8|statement|connection 4515|url jdbc:mysql://localhost:3306/letmedowith_test|     drop table if exists notification_template|     drop table if exists notification_template
1784387021729|7|statement|connection 4515|url jdbc:mysql://localhost:3306/letmedowith_test|     drop table if exists notification_token|     drop table if exists notification_token
1784387021736|7|statement|connection 4515|url jdbc:mysql://localhost:3306/letmedowith_test|     drop table if exists ranking_entry|     drop table if exists ranking_entry
1784387021744|7|statement|connection 4515|url jdbc:mysql://localhost:3306/letmedowith_test|     drop table if exists ranking_topic|     drop table if exists ranking_topic
1784387021755|10|statement|connection 4515|url jdbc:mysql://localhost:3306/letmedowith_test|     drop table if exists ranking_topic_round|     drop table if exists ranking_topic_round
1784387021770|14|statement|connection 4515|url jdbc:mysql://localhost:3306/letmedowith_test|     drop table if exists task_category|     drop table if exists task_category
1784387021779|9|statement|connection 4515|url jdbc:mysql://localhost:3306/letmedowith_test|     drop table if exists task_feedback_template|     drop table if exists task_feedback_template
1784387021788|8|statement|connection 4515|url jdbc:mysql://localhost:3306/letmedowith_test|     drop table if exists task_feedback_template_message|     drop table if exists task_feedback_template_message
1784387021795|6|statement|connection 4515|url jdbc:mysql://localhost:3306/letmedowith_test|     drop table if exists task_summary|     drop table if exists task_summary
1784387021804|8|statement|connection 4515|url jdbc:mysql://localhost:3306/letmedowith_test|     drop table if exists todo_task|     drop table if exists todo_task
1784387021813|9|statement|connection 4515|url jdbc:mysql://localhost:3306/letmedowith_test|     drop table if exists todo_task_routine|     drop table if exists todo_task_routine
1784387021854|3|statement|connection 4516|url jdbc:mysql://localhost:3306/letmedowith_test|     alter table dowith_task         drop         foreign key FKkjm1t4jam94wtf486023jdaam|     alter table dowith_task         drop         foreign key FKkjm1t4jam94wtf486023jdaam
1784387021857|2|statement|connection 4516|url jdbc:mysql://localhost:3306/letmedowith_test|     alter table dowith_task_like         drop         foreign key FKe3yxe45m46uwf8fhgul36un9v|     alter table dowith_task_like         drop         foreign key FKe3yxe45m46uwf8fhgul36un9v
1784387021859|1|statement|connection 4516|url jdbc:mysql://localhost:3306/letmedowith_test|     alter table dowith_task_success         drop         foreign key FKg8cantau9xpnh63og64mn8svu|     alter table dowith_task_success         drop         foreign key FKg8cantau9xpnh63og64mn8svu
1784387021861|2|statement|connection 4516|url jdbc:mysql://localhost:3306/letmedowith_test|     alter table member_alarm_setting         drop         foreign key FKj6uf0pevg5lu24k0fe5j1e38p|     alter table member_alarm_setting         drop         foreign key FKj6uf0pevg5lu24k0fe5j1e38p
1784387021864|2|statement|connection 4516|url jdbc:mysql://localhost:3306/letmedowith_test|     alter table member_badge         drop         foreign key FK39altb7wsyx1gyx3m492wf2kb|     alter table member_badge         drop         foreign key FK39altb7wsyx1gyx3m492wf2kb
1784387021867|2|statement|connection 4516|url jdbc:mysql://localhost:3306/letmedowith_test|     alter table member_follow         drop         foreign key FKrshygjds7c4j7prtkkok4ax6p|     alter table member_follow         drop         foreign key FKrshygjds7c4j7prtkkok4ax6p
1784387021869|1|statement|connection 4516|url jdbc:mysql://localhost:3306/letmedowith_test|     alter table member_follow         drop         foreign key FK1wlcnyo4j7gl8oxjje8m27119|     alter table member_follow         drop         foreign key FK1wlcnyo4j7gl8oxjje8m27119
1784387021871|2|statement|connection 4516|url jdbc:mysql://localhost:3306/letmedowith_test|     alter table member_social_account         drop         foreign key FK3f6sh5arekj1s8ta6j8g6ojtx|     alter table member_social_account         drop         foreign key FK3f6sh5arekj1s8ta6j8g6ojtx
1784387021873|2|statement|connection 4516|url jdbc:mysql://localhost:3306/letmedowith_test|     alter table member_status_history         drop         foreign key FK2oi1yq1grh5gq36u5w5rakqau|     alter table member_status_history         drop         foreign key FK2oi1yq1grh5gq36u5w5rakqau
1784387021876|2|statement|connection 4516|url jdbc:mysql://localhost:3306/letmedowith_test|     alter table member_term_agree         drop         foreign key FK27udwntf6y3danhk4kf00ifyt|     alter table member_term_agree         drop         foreign key FK27udwntf6y3danhk4kf00ifyt
1784387021885|7|statement|connection 4516|url jdbc:mysql://localhost:3306/letmedowith_test|     alter table notice_content_image         drop         foreign key FK6f5n3sm0d6ri9vspt8lak50lo|     alter table notice_content_image         drop         foreign key FK6f5n3sm0d6ri9vspt8lak50lo
1784387021887|2|statement|connection 4516|url jdbc:mysql://localhost:3306/letmedowith_test|     alter table ranking_entry         drop         foreign key FKbftpjnfqcg0ulghsw14tjjyk|     alter table ranking_entry         drop         foreign key FKbftpjnfqcg0ulghsw14tjjyk
1784387021889|2|statement|connection 4516|url jdbc:mysql://localhost:3306/letmedowith_test|     alter table ranking_topic         drop         foreign key FK1300ardn1ltmbfpp4rkuk97yd|     alter table ranking_topic         drop         foreign key FK1300ardn1ltmbfpp4rkuk97yd
1784387021892|2|statement|connection 4516|url jdbc:mysql://localhost:3306/letmedowith_test|     alter table ranking_topic_round         drop         foreign key FKgv4exjxd1tobi4i9748n1suts|     alter table ranking_topic_round         drop         foreign key FKgv4exjxd1tobi4i9748n1suts
1784387021894|1|statement|connection 4516|url jdbc:mysql://localhost:3306/letmedowith_test|     alter table task_feedback_template_message         drop         foreign key FK2xw1gd0ww0s08iv3lo6qat0oo|     alter table task_feedback_template_message         drop         foreign key FK2xw1gd0ww0s08iv3lo6qat0oo
1784387021896|2|statement|connection 4516|url jdbc:mysql://localhost:3306/letmedowith_test|     alter table todo_task         drop         foreign key FKq9txtlns4mgoyh11t1jqumpme|     alter table todo_task         drop         foreign key FKq9txtlns4mgoyh11t1jqumpme
1784387021901|4|statement|connection 4516|url jdbc:mysql://localhost:3306/letmedowith_test|     drop table if exists badge|     drop table if exists badge
1784387021907|4|statement|connection 4516|url jdbc:mysql://localhost:3306/letmedowith_test|     drop table if exists dev_refresh_token|     drop table if exists dev_refresh_token
1784387021912|3|statement|connection 4516|url jdbc:mysql://localhost:3306/letmedowith_test|     drop table if exists dowith_task|     drop table if exists dowith_task
1784387021916|3|statement|connection 4516|url jdbc:mysql://localhost:3306/letmedowith_test|     drop table if exists dowith_task_feedback|     drop table if exists dowith_task_feedback
1784387021921|4|statement|connection 4516|url jdbc:mysql://localhost:3306/letmedowith_test|     drop table if exists dowith_task_like|     drop table if exists dowith_task_like
1784387021925|2|statement|connection 4516|url jdbc:mysql://localhost:3306/letmedowith_test|     drop table if exists dowith_task_routine|     drop table if exists dowith_task_routine
1784387021929|2|statement|connection 4516|url jdbc:mysql://localhost:3306/letmedowith_test|     drop table if exists dowith_task_success|     drop table if exists dowith_task_success
1784387021933|3|statement|connection 4516|url jdbc:mysql://localhost:3306/letmedowith_test|     drop table if exists holiday|     drop table if exists holiday
1784387021938|3|statement|connection 4516|url jdbc:mysql://localhost:3306/letmedowith_test|     drop table if exists member|     drop table if exists member
1784387021942|2|statement|connection 4516|url jdbc:mysql://localhost:3306/letmedowith_test|     drop table if exists member_alarm_setting|     drop table if exists member_alarm_setting
1784387021946|3|statement|connection 4516|url jdbc:mysql://localhost:3306/letmedowith_test|     drop table if exists member_badge|     drop table if exists member_badge
1784387021950|3|statement|connection 4516|url jdbc:mysql://localhost:3306/letmedowith_test|     drop table if exists member_follow|     drop table if exists member_follow
1784387021954|3|statement|connection 4516|url jdbc:mysql://localhost:3306/letmedowith_test|     drop table if exists member_social_account|     drop table if exists member_social_account
1784387021958|3|statement|connection 4516|url jdbc:mysql://localhost:3306/letmedowith_test|     drop table if exists member_status_history|     drop table if exists member_status_history
1784387021963|3|statement|connection 4516|url jdbc:mysql://localhost:3306/letmedowith_test|     drop table if exists member_term_agree|     drop table if exists member_term_agree
1784387021967|3|statement|connection 4516|url jdbc:mysql://localhost:3306/letmedowith_test|     drop table if exists notice|     drop table if exists notice
1784387021970|2|statement|connection 4516|url jdbc:mysql://localhost:3306/letmedowith_test|     drop table if exists notice_content_image|     drop table if exists notice_content_image
1784387021975|2|statement|connection 4516|url jdbc:mysql://localhost:3306/letmedowith_test|     drop table if exists notification|     drop table if exists notification
1784387021979|3|statement|connection 4516|url jdbc:mysql://localhost:3306/letmedowith_test|     drop table if exists notification_template|     drop table if exists notification_template
1784387021983|3|statement|connection 4516|url jdbc:mysql://localhost:3306/letmedowith_test|     drop table if exists notification_token|     drop table if exists notification_token
1784387021988|3|statement|connection 4516|url jdbc:mysql://localhost:3306/letmedowith_test|     drop table if exists ranking_entry|     drop table if exists ranking_entry
1784387021992|3|statement|connection 4516|url jdbc:mysql://localhost:3306/letmedowith_test|     drop table if exists ranking_topic|     drop table if exists ranking_topic
1784387021996|3|statement|connection 4516|url jdbc:mysql://localhost:3306/letmedowith_test|     drop table if exists ranking_topic_round|     drop table if exists ranking_topic_round
1784387022000|3|statement|connection 4516|url jdbc:mysql://localhost:3306/letmedowith_test|     drop table if exists task_category|     drop table if exists task_category
1784387022011|9|statement|connection 4516|url jdbc:mysql://localhost:3306/letmedowith_test|     drop table if exists task_feedback_template|     drop table if exists task_feedback_template
1784387022015|3|statement|connection 4516|url jdbc:mysql://localhost:3306/letmedowith_test|     drop table if exists task_feedback_template_message|     drop table if exists task_feedback_template_message
1784387022019|2|statement|connection 4516|url jdbc:mysql://localhost:3306/letmedowith_test|     drop table if exists task_summary|     drop table if exists task_summary
1784387022023|2|statement|connection 4516|url jdbc:mysql://localhost:3306/letmedowith_test|     drop table if exists todo_task|     drop table if exists todo_task
1784387022028|4|statement|connection 4516|url jdbc:mysql://localhost:3306/letmedowith_test|     drop table if exists todo_task_routine|     drop table if exists todo_task_routine
1784387022217|2|statement|connection 4517|url jdbc:mysql://localhost:3306/letmedowith_test|     alter table dowith_task         drop         foreign key FKkjm1t4jam94wtf486023jdaam|     alter table dowith_task         drop         foreign key FKkjm1t4jam94wtf486023jdaam
1784387022219|1|statement|connection 4517|url jdbc:mysql://localhost:3306/letmedowith_test|     alter table dowith_task_like         drop         foreign key FKe3yxe45m46uwf8fhgul36un9v|     alter table dowith_task_like         drop         foreign key FKe3yxe45m46uwf8fhgul36un9v
1784387022221|1|statement|connection 4517|url jdbc:mysql://localhost:3306/letmedowith_test|     alter table dowith_task_success         drop         foreign key FKg8cantau9xpnh63og64mn8svu|     alter table dowith_task_success         drop         foreign key FKg8cantau9xpnh63og64mn8svu
1784387022222|1|statement|connection 4517|url jdbc:mysql://localhost:3306/letmedowith_test|     alter table member_alarm_setting         drop         foreign key FKj6uf0pevg5lu24k0fe5j1e38p|     alter table member_alarm_setting         drop         foreign key FKj6uf0pevg5lu24k0fe5j1e38p
1784387022223|1|statement|connection 4517|url jdbc:mysql://localhost:3306/letmedowith_test|     alter table member_badge         drop         foreign key FK39altb7wsyx1gyx3m492wf2kb|     alter table member_badge         drop         foreign key FK39altb7wsyx1gyx3m492wf2kb
1784387022225|1|statement|connection 4517|url jdbc:mysql://localhost:3306/letmedowith_test|     alter table member_follow         drop         foreign key FKrshygjds7c4j7prtkkok4ax6p|     alter table member_follow         drop         foreign key FKrshygjds7c4j7prtkkok4ax6p
1784387022227|1|statement|connection 4517|url jdbc:mysql://localhost:3306/letmedowith_test|     alter table member_follow         drop         foreign key FK1wlcnyo4j7gl8oxjje8m27119|     alter table member_follow         drop         foreign key FK1wlcnyo4j7gl8oxjje8m27119
1784387022228|1|statement|connection 4517|url jdbc:mysql://localhost:3306/letmedowith_test|     alter table member_social_account         drop         foreign key FK3f6sh5arekj1s8ta6j8g6ojtx|     alter table member_social_account         drop         foreign key FK3f6sh5arekj1s8ta6j8g6ojtx
1784387022229|1|statement|connection 4517|url jdbc:mysql://localhost:3306/letmedowith_test|     alter table member_status_history         drop         foreign key FK2oi1yq1grh5gq36u5w5rakqau|     alter table member_status_history         drop         foreign key FK2oi1yq1grh5gq36u5w5rakqau
1784387022231|1|statement|connection 4517|url jdbc:mysql://localhost:3306/letmedowith_test|     alter table member_term_agree         drop         foreign key FK27udwntf6y3danhk4kf00ifyt|     alter table member_term_agree         drop         foreign key FK27udwntf6y3danhk4kf00ifyt
1784387022233|2|statement|connection 4517|url jdbc:mysql://localhost:3306/letmedowith_test|     alter table notice_content_image         drop         foreign key FK6f5n3sm0d6ri9vspt8lak50lo|     alter table notice_content_image         drop         foreign key FK6f5n3sm0d6ri9vspt8lak50lo
1784387022235|1|statement|connection 4517|url jdbc:mysql://localhost:3306/letmedowith_test|     alter table ranking_entry         drop         foreign key FKbftpjnfqcg0ulghsw14tjjyk|     alter table ranking_entry         drop         foreign key FKbftpjnfqcg0ulghsw14tjjyk
1784387022237|1|statement|connection 4517|url jdbc:mysql://localhost:3306/letmedowith_test|     alter table ranking_topic         drop         foreign key FK1300ardn1ltmbfpp4rkuk97yd|     alter table ranking_topic         drop         foreign key FK1300ardn1ltmbfpp4rkuk97yd
1784387022239|1|statement|connection 4517|url jdbc:mysql://localhost:3306/letmedowith_test|     alter table ranking_topic_round         drop         foreign key FKgv4exjxd1tobi4i9748n1suts|     alter table ranking_topic_round         drop         foreign key FKgv4exjxd1tobi4i9748n1suts
1784387022240|1|statement|connection 4517|url jdbc:mysql://localhost:3306/letmedowith_test|     alter table task_feedback_template_message         drop         foreign key FK2xw1gd0ww0s08iv3lo6qat0oo|     alter table task_feedback_template_message         drop         foreign key FK2xw1gd0ww0s08iv3lo6qat0oo
1784387022243|2|statement|connection 4517|url jdbc:mysql://localhost:3306/letmedowith_test|     alter table todo_task         drop         foreign key FKq9txtlns4mgoyh11t1jqumpme|     alter table todo_task         drop         foreign key FKq9txtlns4mgoyh11t1jqumpme
1784387022248|4|statement|connection 4517|url jdbc:mysql://localhost:3306/letmedowith_test|     drop table if exists badge|     drop table if exists badge
1784387022251|2|statement|connection 4517|url jdbc:mysql://localhost:3306/letmedowith_test|     drop table if exists dev_refresh_token|     drop table if exists dev_refresh_token
1784387022255|2|statement|connection 4517|url jdbc:mysql://localhost:3306/letmedowith_test|     drop table if exists dowith_task|     drop table if exists dowith_task
1784387022258|2|statement|connection 4517|url jdbc:mysql://localhost:3306/letmedowith_test|     drop table if exists dowith_task_feedback|     drop table if exists dowith_task_feedback
1784387022262|2|statement|connection 4517|url jdbc:mysql://localhost:3306/letmedowith_test|     drop table if exists dowith_task_like|     drop table if exists dowith_task_like
1784387022266|3|statement|connection 4517|url jdbc:mysql://localhost:3306/letmedowith_test|     drop table if exists dowith_task_routine|     drop table if exists dowith_task_routine
1784387022269|2|statement|connection 4517|url jdbc:mysql://localhost:3306/letmedowith_test|     drop table if exists dowith_task_success|     drop table if exists dowith_task_success
1784387022272|2|statement|connection 4517|url jdbc:mysql://localhost:3306/letmedowith_test|     drop table if exists holiday|     drop table if exists holiday
1784387022276|3|statement|connection 4517|url jdbc:mysql://localhost:3306/letmedowith_test|     drop table if exists member|     drop table if exists member
1784387022280|2|statement|connection 4517|url jdbc:mysql://localhost:3306/letmedowith_test|     drop table if exists member_alarm_setting|     drop table if exists member_alarm_setting
1784387022283|2|statement|connection 4517|url jdbc:mysql://localhost:3306/letmedowith_test|     drop table if exists member_badge|     drop table if exists member_badge
1784387022287|3|statement|connection 4517|url jdbc:mysql://localhost:3306/letmedowith_test|     drop table if exists member_follow|     drop table if exists member_follow
1784387022291|2|statement|connection 4517|url jdbc:mysql://localhost:3306/letmedowith_test|     drop table if exists member_social_account|     drop table if exists member_social_account
1784387022294|2|statement|connection 4517|url jdbc:mysql://localhost:3306/letmedowith_test|     drop table if exists member_status_history|     drop table if exists member_status_history
1784387022298|2|statement|connection 4517|url jdbc:mysql://localhost:3306/letmedowith_test|     drop table if exists member_term_agree|     drop table if exists member_term_agree
1784387022307|8|statement|connection 4517|url jdbc:mysql://localhost:3306/letmedowith_test|     drop table if exists notice|     drop table if exists notice
1784387022310|2|statement|connection 4517|url jdbc:mysql://localhost:3306/letmedowith_test|     drop table if exists notice_content_image|     drop table if exists notice_content_image
1784387022314|2|statement|connection 4517|url jdbc:mysql://localhost:3306/letmedowith_test|     drop table if exists notification|     drop table if exists notification
1784387022318|3|statement|connection 4517|url jdbc:mysql://localhost:3306/letmedowith_test|     drop table if exists notification_template|     drop table if exists notification_template
1784387022321|2|statement|connection 4517|url jdbc:mysql://localhost:3306/letmedowith_test|     drop table if exists notification_token|     drop table if exists notification_token
1784387022325|2|statement|connection 4517|url jdbc:mysql://localhost:3306/letmedowith_test|     drop table if exists ranking_entry|     drop table if exists ranking_entry
1784387022329|3|statement|connection 4517|url jdbc:mysql://localhost:3306/letmedowith_test|     drop table if exists ranking_topic|     drop table if exists ranking_topic
1784387022332|2|statement|connection 4517|url jdbc:mysql://localhost:3306/letmedowith_test|     drop table if exists ranking_topic_round|     drop table if exists ranking_topic_round
1784387022335|2|statement|connection 4517|url jdbc:mysql://localhost:3306/letmedowith_test|     drop table if exists task_category|     drop table if exists task_category
1784387022338|2|statement|connection 4517|url jdbc:mysql://localhost:3306/letmedowith_test|     drop table if exists task_feedback_template|     drop table if exists task_feedback_template
1784387022341|2|statement|connection 4517|url jdbc:mysql://localhost:3306/letmedowith_test|     drop table if exists task_feedback_template_message|     drop table if exists task_feedback_template_message
1784387022345|3|statement|connection 4517|url jdbc:mysql://localhost:3306/letmedowith_test|     drop table if exists task_summary|     drop table if exists task_summary
1784387022349|3|statement|connection 4517|url jdbc:mysql://localhost:3306/letmedowith_test|     drop table if exists todo_task|     drop table if exists todo_task
1784387022353|2|statement|connection 4517|url jdbc:mysql://localhost:3306/letmedowith_test|     drop table if exists todo_task_routine|     drop table if exists todo_task_routine
1784387022375|2|statement|connection 4518|url jdbc:mysql://localhost:3306/letmedowith_test|     alter table dowith_task         drop         foreign key FKkjm1t4jam94wtf486023jdaam|     alter table dowith_task         drop         foreign key FKkjm1t4jam94wtf486023jdaam
1784387022378|2|statement|connection 4518|url jdbc:mysql://localhost:3306/letmedowith_test|     alter table dowith_task_like         drop         foreign key FKe3yxe45m46uwf8fhgul36un9v|     alter table dowith_task_like         drop         foreign key FKe3yxe45m46uwf8fhgul36un9v
1784387022379|1|statement|connection 4518|url jdbc:mysql://localhost:3306/letmedowith_test|     alter table dowith_task_success         drop         foreign key FKg8cantau9xpnh63og64mn8svu|     alter table dowith_task_success         drop         foreign key FKg8cantau9xpnh63og64mn8svu
1784387022381|1|statement|connection 4518|url jdbc:mysql://localhost:3306/letmedowith_test|     alter table member_alarm_setting         drop         foreign key FKj6uf0pevg5lu24k0fe5j1e38p|     alter table member_alarm_setting         drop         foreign key FKj6uf0pevg5lu24k0fe5j1e38p
1784387022383|1|statement|connection 4518|url jdbc:mysql://localhost:3306/letmedowith_test|     alter table member_badge         drop         foreign key FK39altb7wsyx1gyx3m492wf2kb|     alter table member_badge         drop         foreign key FK39altb7wsyx1gyx3m492wf2kb
1784387022385|1|statement|connection 4518|url jdbc:mysql://localhost:3306/letmedowith_test|     alter table member_follow         drop         foreign key FKrshygjds7c4j7prtkkok4ax6p|     alter table member_follow         drop         foreign key FKrshygjds7c4j7prtkkok4ax6p
1784387022387|2|statement|connection 4518|url jdbc:mysql://localhost:3306/letmedowith_test|     alter table member_follow         drop         foreign key FK1wlcnyo4j7gl8oxjje8m27119|     alter table member_follow         drop         foreign key FK1wlcnyo4j7gl8oxjje8m27119
1784387022388|1|statement|connection 4518|url jdbc:mysql://localhost:3306/letmedowith_test|     alter table member_social_account         drop         foreign key FK3f6sh5arekj1s8ta6j8g6ojtx|     alter table member_social_account         drop         foreign key FK3f6sh5arekj1s8ta6j8g6ojtx
1784387022390|1|statement|connection 4518|url jdbc:mysql://localhost:3306/letmedowith_test|     alter table member_status_history         drop         foreign key FK2oi1yq1grh5gq36u5w5rakqau|     alter table member_status_history         drop         foreign key FK2oi1yq1grh5gq36u5w5rakqau
1784387022392|1|statement|connection 4518|url jdbc:mysql://localhost:3306/letmedowith_test|     alter table member_term_agree         drop         foreign key FK27udwntf6y3danhk4kf00ifyt|     alter table member_term_agree         drop         foreign key FK27udwntf6y3danhk4kf00ifyt
1784387022396|3|statement|connection 4518|url jdbc:mysql://localhost:3306/letmedowith_test|     alter table notice_content_image         drop         foreign key FK6f5n3sm0d6ri9vspt8lak50lo|     alter table notice_content_image         drop         foreign key FK6f5n3sm0d6ri9vspt8lak50lo
1784387022398|1|statement|connection 4518|url jdbc:mysql://localhost:3306/letmedowith_test|     alter table ranking_entry         drop         foreign key FKbftpjnfqcg0ulghsw14tjjyk|     alter table ranking_entry         drop         foreign key FKbftpjnfqcg0ulghsw14tjjyk
1784387022399|1|statement|connection 4518|url jdbc:mysql://localhost:3306/letmedowith_test|     alter table ranking_topic         drop         foreign key FK1300ardn1ltmbfpp4rkuk97yd|     alter table ranking_topic         drop         foreign key FK1300ardn1ltmbfpp4rkuk97yd
1784387022401|1|statement|connection 4518|url jdbc:mysql://localhost:3306/letmedowith_test|     alter table ranking_topic_round         drop         foreign key FKgv4exjxd1tobi4i9748n1suts|     alter table ranking_topic_round         drop         foreign key FKgv4exjxd1tobi4i9748n1suts
1784387022402|1|statement|connection 4518|url jdbc:mysql://localhost:3306/letmedowith_test|     alter table task_feedback_template_message         drop         foreign key FK2xw1gd0ww0s08iv3lo6qat0oo|     alter table task_feedback_template_message         drop         foreign key FK2xw1gd0ww0s08iv3lo6qat0oo
1784387022404|1|statement|connection 4518|url jdbc:mysql://localhost:3306/letmedowith_test|     alter table todo_task         drop         foreign key FKq9txtlns4mgoyh11t1jqumpme|     alter table todo_task         drop         foreign key FKq9txtlns4mgoyh11t1jqumpme
1784387022409|4|statement|connection 4518|url jdbc:mysql://localhost:3306/letmedowith_test|     drop table if exists badge|     drop table if exists badge
1784387022412|2|statement|connection 4518|url jdbc:mysql://localhost:3306/letmedowith_test|     drop table if exists dev_refresh_token|     drop table if exists dev_refresh_token
1784387022416|2|statement|connection 4518|url jdbc:mysql://localhost:3306/letmedowith_test|     drop table if exists dowith_task|     drop table if exists dowith_task
1784387022418|2|statement|connection 4518|url jdbc:mysql://localhost:3306/letmedowith_test|     drop table if exists dowith_task_feedback|     drop table if exists dowith_task_feedback
1784387022421|2|statement|connection 4518|url jdbc:mysql://localhost:3306/letmedowith_test|     drop table if exists dowith_task_like|     drop table if exists dowith_task_like
1784387022424|2|statement|connection 4518|url jdbc:mysql://localhost:3306/letmedowith_test|     drop table if exists dowith_task_routine|     drop table if exists dowith_task_routine
1784387022427|2|statement|connection 4518|url jdbc:mysql://localhost:3306/letmedowith_test|     drop table if exists dowith_task_success|     drop table if exists dowith_task_success
1784387022430|2|statement|connection 4518|url jdbc:mysql://localhost:3306/letmedowith_test|     drop table if exists holiday|     drop table if exists holiday
1784387022433|1|statement|connection 4518|url jdbc:mysql://localhost:3306/letmedowith_test|     drop table if exists member|     drop table if exists member
1784387022436|2|statement|connection 4518|url jdbc:mysql://localhost:3306/letmedowith_test|     drop table if exists member_alarm_setting|     drop table if exists member_alarm_setting
1784387022439|2|statement|connection 4518|url jdbc:mysql://localhost:3306/letmedowith_test|     drop table if exists member_badge|     drop table if exists member_badge
1784387022442|2|statement|connection 4518|url jdbc:mysql://localhost:3306/letmedowith_test|     drop table if exists member_follow|     drop table if exists member_follow
1784387022445|2|statement|connection 4518|url jdbc:mysql://localhost:3306/letmedowith_test|     drop table if exists member_social_account|     drop table if exists member_social_account
1784387022449|2|statement|connection 4518|url jdbc:mysql://localhost:3306/letmedowith_test|     drop table if exists member_status_history|     drop table if exists member_status_history
1784387022453|2|statement|connection 4518|url jdbc:mysql://localhost:3306/letmedowith_test|     drop table if exists member_term_agree|     drop table if exists member_term_agree
1784387022457|3|statement|connection 4518|url jdbc:mysql://localhost:3306/letmedowith_test|     drop table if exists notice|     drop table if exists notice
1784387022461|3|statement|connection 4518|url jdbc:mysql://localhost:3306/letmedowith_test|     drop table if exists notice_content_image|     drop table if exists notice_content_image
1784387022464|2|statement|connection 4518|url jdbc:mysql://localhost:3306/letmedowith_test|     drop table if exists notification|     drop table if exists notification
1784387022468|2|statement|connection 4518|url jdbc:mysql://localhost:3306/letmedowith_test|     drop table if exists notification_template|     drop table if exists notification_template
1784387022472|3|statement|connection 4518|url jdbc:mysql://localhost:3306/letmedowith_test|     drop table if exists notification_token|     drop table if exists notification_token
1784387022475|2|statement|connection 4518|url jdbc:mysql://localhost:3306/letmedowith_test|     drop table if exists ranking_entry|     drop table if exists ranking_entry
1784387022479|2|statement|connection 4518|url jdbc:mysql://localhost:3306/letmedowith_test|     drop table if exists ranking_topic|     drop table if exists ranking_topic
1784387022482|2|statement|connection 4518|url jdbc:mysql://localhost:3306/letmedowith_test|     drop table if exists ranking_topic_round|     drop table if exists ranking_topic_round
1784387022486|2|statement|connection 4518|url jdbc:mysql://localhost:3306/letmedowith_test|     drop table if exists task_category|     drop table if exists task_category
1784387022489|2|statement|connection 4518|url jdbc:mysql://localhost:3306/letmedowith_test|     drop table if exists task_feedback_template|     drop table if exists task_feedback_template
1784387022492|2|statement|connection 4518|url jdbc:mysql://localhost:3306/letmedowith_test|     drop table if exists task_feedback_template_message|     drop table if exists task_feedback_template_message
1784387022495|2|statement|connection 4518|url jdbc:mysql://localhost:3306/letmedowith_test|     drop table if exists task_summary|     drop table if exists task_summary
1784387022498|2|statement|connection 4518|url jdbc:mysql://localhost:3306/letmedowith_test|     drop table if exists todo_task|     drop table if exists todo_task
1784387022501|2|statement|connection 4518|url jdbc:mysql://localhost:3306/letmedowith_test|     drop table if exists todo_task_routine|     drop table if exists todo_task_routine
1784387888933|15|statement|connection 170|url jdbc:mysql://localhost:3306/letmedowith_test|     alter table dowith_task         drop         foreign key FKkjm1t4jam94wtf486023jdaam|     alter table dowith_task         drop         foreign key FKkjm1t4jam94wtf486023jdaam
1784387888944|9|statement|connection 170|url jdbc:mysql://localhost:3306/letmedowith_test|     alter table dowith_task_like         drop         foreign key FKe3yxe45m46uwf8fhgul36un9v|     alter table dowith_task_like         drop         foreign key FKe3yxe45m46uwf8fhgul36un9v
1784387888953|8|statement|connection 170|url jdbc:mysql://localhost:3306/letmedowith_test|     alter table dowith_task_success         drop         foreign key FKg8cantau9xpnh63og64mn8svu|     alter table dowith_task_success         drop         foreign key FKg8cantau9xpnh63og64mn8svu
1784387888972|19|statement|connection 170|url jdbc:mysql://localhost:3306/letmedowith_test|     alter table member_alarm_setting         drop         foreign key FKj6uf0pevg5lu24k0fe5j1e38p|     alter table member_alarm_setting         drop         foreign key FKj6uf0pevg5lu24k0fe5j1e38p
1784387888983|10|statement|connection 170|url jdbc:mysql://localhost:3306/letmedowith_test|     alter table member_badge         drop         foreign key FK39altb7wsyx1gyx3m492wf2kb|     alter table member_badge         drop         foreign key FK39altb7wsyx1gyx3m492wf2kb
1784387888993|9|statement|connection 170|url jdbc:mysql://localhost:3306/letmedowith_test|     alter table member_follow         drop         foreign key FKrshygjds7c4j7prtkkok4ax6p|     alter table member_follow         drop         foreign key FKrshygjds7c4j7prtkkok4ax6p
1784387889002|8|statement|connection 170|url jdbc:mysql://localhost:3306/letmedowith_test|     alter table member_follow         drop         foreign key FK1wlcnyo4j7gl8oxjje8m27119|     alter table member_follow         drop         foreign key FK1wlcnyo4j7gl8oxjje8m27119
1784387889011|9|statement|connection 170|url jdbc:mysql://localhost:3306/letmedowith_test|     alter table member_social_account         drop         foreign key FK3f6sh5arekj1s8ta6j8g6ojtx|     alter table member_social_account         drop         foreign key FK3f6sh5arekj1s8ta6j8g6ojtx
1784387889021|9|statement|connection 170|url jdbc:mysql://localhost:3306/letmedowith_test|     alter table member_status_history         drop         foreign key FK2oi1yq1grh5gq36u5w5rakqau|     alter table member_status_history         drop         foreign key FK2oi1yq1grh5gq36u5w5rakqau
1784387889029|8|statement|connection 170|url jdbc:mysql://localhost:3306/letmedowith_test|     alter table member_term_agree         drop         foreign key FK27udwntf6y3danhk4kf00ifyt|     alter table member_term_agree         drop         foreign key FK27udwntf6y3danhk4kf00ifyt
1784387889039|9|statement|connection 170|url jdbc:mysql://localhost:3306/letmedowith_test|     alter table notice_content_image         drop         foreign key FK6f5n3sm0d6ri9vspt8lak50lo|     alter table notice_content_image         drop         foreign key FK6f5n3sm0d6ri9vspt8lak50lo
1784387889046|7|statement|connection 170|url jdbc:mysql://localhost:3306/letmedowith_test|     alter table ranking_entry         drop         foreign key FKbftpjnfqcg0ulghsw14tjjyk|     alter table ranking_entry         drop         foreign key FKbftpjnfqcg0ulghsw14tjjyk
1784387889055|8|statement|connection 170|url jdbc:mysql://localhost:3306/letmedowith_test|     alter table ranking_topic         drop         foreign key FK1300ardn1ltmbfpp4rkuk97yd|     alter table ranking_topic         drop         foreign key FK1300ardn1ltmbfpp4rkuk97yd
1784387889064|8|statement|connection 170|url jdbc:mysql://localhost:3306/letmedowith_test|     alter table ranking_topic_round         drop         foreign key FKgv4exjxd1tobi4i9748n1suts|     alter table ranking_topic_round         drop         foreign key FKgv4exjxd1tobi4i9748n1suts
1784387889072|7|statement|connection 170|url jdbc:mysql://localhost:3306/letmedowith_test|     alter table task_feedback_template_message         drop         foreign key FK2xw1gd0ww0s08iv3lo6qat0oo|     alter table task_feedback_template_message         drop         foreign key FK2xw1gd0ww0s08iv3lo6qat0oo
1784387889081|8|statement|connection 170|url jdbc:mysql://localhost:3306/letmedowith_test|     alter table todo_task         drop         foreign key FKq9txtlns4mgoyh11t1jqumpme|     alter table todo_task         drop         foreign key FKq9txtlns4mgoyh11t1jqumpme
1784387889099|18|statement|connection 170|url jdbc:mysql://localhost:3306/letmedowith_test|     drop table if exists badge|     drop table if exists badge
1784387889110|10|statement|connection 170|url jdbc:mysql://localhost:3306/letmedowith_test|     drop table if exists dev_refresh_token|     drop table if exists dev_refresh_token
1784387889120|10|statement|connection 170|url jdbc:mysql://localhost:3306/letmedowith_test|     drop table if exists dowith_task|     drop table if exists dowith_task
1784387889131|11|statement|connection 170|url jdbc:mysql://localhost:3306/letmedowith_test|     drop table if exists dowith_task_feedback|     drop table if exists dowith_task_feedback
1784387889141|9|statement|connection 170|url jdbc:mysql://localhost:3306/letmedowith_test|     drop table if exists dowith_task_like|     drop table if exists dowith_task_like
1784387889152|10|statement|connection 170|url jdbc:mysql://localhost:3306/letmedowith_test|     drop table if exists dowith_task_routine|     drop table if exists dowith_task_routine
1784387889161|9|statement|connection 170|url jdbc:mysql://localhost:3306/letmedowith_test|     drop table if exists dowith_task_success|     drop table if exists dowith_task_success
1784387889172|11|statement|connection 170|url jdbc:mysql://localhost:3306/letmedowith_test|     drop table if exists holiday|     drop table if exists holiday
1784387889186|13|statement|connection 170|url jdbc:mysql://localhost:3306/letmedowith_test|     drop table if exists member|     drop table if exists member
1784387889203|17|statement|connection 170|url jdbc:mysql://localhost:3306/letmedowith_test|     drop table if exists member_alarm_setting|     drop table if exists member_alarm_setting
1784387889214|10|statement|connection 170|url jdbc:mysql://localhost:3306/letmedowith_test|     drop table if exists member_badge|     drop table if exists member_badge
1784387889228|14|statement|connection 170|url jdbc:mysql://localhost:3306/letmedowith_test|     drop table if exists member_follow|     drop table if exists member_follow
1784387889237|8|statement|connection 170|url jdbc:mysql://localhost:3306/letmedowith_test|     drop table if exists member_social_account|     drop table if exists member_social_account
1784387889244|7|statement|connection 170|url jdbc:mysql://localhost:3306/letmedowith_test|     drop table if exists member_status_history|     drop table if exists member_status_history
1784387889252|7|statement|connection 170|url jdbc:mysql://localhost:3306/letmedowith_test|     drop table if exists member_term_agree|     drop table if exists member_term_agree
1784387889259|6|statement|connection 170|url jdbc:mysql://localhost:3306/letmedowith_test|     drop table if exists notice|     drop table if exists notice
1784387889268|9|statement|connection 170|url jdbc:mysql://localhost:3306/letmedowith_test|     drop table if exists notice_content_image|     drop table if exists notice_content_image
1784387889277|8|statement|connection 170|url jdbc:mysql://localhost:3306/letmedowith_test|     drop table if exists notification|     drop table if exists notification
1784387889289|11|statement|connection 170|url jdbc:mysql://localhost:3306/letmedowith_test|     drop table if exists notification_template|     drop table if exists notification_template
1784387889304|15|statement|connection 170|url jdbc:mysql://localhost:3306/letmedowith_test|     drop table if exists notification_token|     drop table if exists notification_token
1784387889318|13|statement|connection 170|url jdbc:mysql://localhost:3306/letmedowith_test|     drop table if exists ranking_entry|     drop table if exists ranking_entry
1784387889326|7|statement|connection 170|url jdbc:mysql://localhost:3306/letmedowith_test|     drop table if exists ranking_topic|     drop table if exists ranking_topic
1784387889349|23|statement|connection 170|url jdbc:mysql://localhost:3306/letmedowith_test|     drop table if exists ranking_topic_round|     drop table if exists ranking_topic_round
1784387889363|14|statement|connection 170|url jdbc:mysql://localhost:3306/letmedowith_test|     drop table if exists task_category|     drop table if exists task_category
1784387889373|10|statement|connection 170|url jdbc:mysql://localhost:3306/letmedowith_test|     drop table if exists task_feedback_template|     drop table if exists task_feedback_template
1784387889382|9|statement|connection 170|url jdbc:mysql://localhost:3306/letmedowith_test|     drop table if exists task_feedback_template_message|     drop table if exists task_feedback_template_message
1784387889390|7|statement|connection 170|url jdbc:mysql://localhost:3306/letmedowith_test|     drop table if exists task_summary|     drop table if exists task_summary
1784387889398|8|statement|connection 170|url jdbc:mysql://localhost:3306/letmedowith_test|     drop table if exists todo_task|     drop table if exists todo_task
1784387889406|7|statement|connection 170|url jdbc:mysql://localhost:3306/letmedowith_test|     drop table if exists todo_task_routine|     drop table if exists todo_task_routine
1784389001902|16|statement|connection 194|url jdbc:mysql://localhost:3306/letmedowith_test|     alter table dowith_task         drop         foreign key FKkjm1t4jam94wtf486023jdaam|     alter table dowith_task         drop         foreign key FKkjm1t4jam94wtf486023jdaam
1784389001912|8|statement|connection 194|url jdbc:mysql://localhost:3306/letmedowith_test|     alter table dowith_task_like         drop         foreign key FKe3yxe45m46uwf8fhgul36un9v|     alter table dowith_task_like         drop         foreign key FKe3yxe45m46uwf8fhgul36un9v
1784389001923|11|statement|connection 194|url jdbc:mysql://localhost:3306/letmedowith_test|     alter table dowith_task_success         drop         foreign key FKg8cantau9xpnh63og64mn8svu|     alter table dowith_task_success         drop         foreign key FKg8cantau9xpnh63og64mn8svu
1784389001932|8|statement|connection 194|url jdbc:mysql://localhost:3306/letmedowith_test|     alter table member_alarm_setting         drop         foreign key FKj6uf0pevg5lu24k0fe5j1e38p|     alter table member_alarm_setting         drop         foreign key FKj6uf0pevg5lu24k0fe5j1e38p
1784389001941|8|statement|connection 194|url jdbc:mysql://localhost:3306/letmedowith_test|     alter table member_badge         drop         foreign key FK39altb7wsyx1gyx3m492wf2kb|     alter table member_badge         drop         foreign key FK39altb7wsyx1gyx3m492wf2kb
1784389001948|7|statement|connection 194|url jdbc:mysql://localhost:3306/letmedowith_test|     alter table member_follow         drop         foreign key FKrshygjds7c4j7prtkkok4ax6p|     alter table member_follow         drop         foreign key FKrshygjds7c4j7prtkkok4ax6p
1784389001959|10|statement|connection 194|url jdbc:mysql://localhost:3306/letmedowith_test|     alter table member_follow         drop         foreign key FK1wlcnyo4j7gl8oxjje8m27119|     alter table member_follow         drop         foreign key FK1wlcnyo4j7gl8oxjje8m27119
1784389001966|7|statement|connection 194|url jdbc:mysql://localhost:3306/letmedowith_test|     alter table member_social_account         drop         foreign key FK3f6sh5arekj1s8ta6j8g6ojtx|     alter table member_social_account         drop         foreign key FK3f6sh5arekj1s8ta6j8g6ojtx
1784389001975|8|statement|connection 194|url jdbc:mysql://localhost:3306/letmedowith_test|     alter table member_status_history         drop         foreign key FK2oi1yq1grh5gq36u5w5rakqau|     alter table member_status_history         drop         foreign key FK2oi1yq1grh5gq36u5w5rakqau
1784389001984|8|statement|connection 194|url jdbc:mysql://localhost:3306/letmedowith_test|     alter table member_term_agree         drop         foreign key FK27udwntf6y3danhk4kf00ifyt|     alter table member_term_agree         drop         foreign key FK27udwntf6y3danhk4kf00ifyt
1784389001996|11|statement|connection 194|url jdbc:mysql://localhost:3306/letmedowith_test|     alter table notice_content_image         drop         foreign key FK6f5n3sm0d6ri9vspt8lak50lo|     alter table notice_content_image         drop         foreign key FK6f5n3sm0d6ri9vspt8lak50lo
1784389002006|10|statement|connection 194|url jdbc:mysql://localhost:3306/letmedowith_test|     alter table ranking_entry         drop         foreign key FKbftpjnfqcg0ulghsw14tjjyk|     alter table ranking_entry         drop         foreign key FKbftpjnfqcg0ulghsw14tjjyk
1784389002018|12|statement|connection 194|url jdbc:mysql://localhost:3306/letmedowith_test|     alter table ranking_topic         drop         foreign key FK1300ardn1ltmbfpp4rkuk97yd|     alter table ranking_topic         drop         foreign key FK1300ardn1ltmbfpp4rkuk97yd
1784389002026|7|statement|connection 194|url jdbc:mysql://localhost:3306/letmedowith_test|     alter table ranking_topic_round         drop         foreign key FKgv4exjxd1tobi4i9748n1suts|     alter table ranking_topic_round         drop         foreign key FKgv4exjxd1tobi4i9748n1suts
1784389002033|6|statement|connection 194|url jdbc:mysql://localhost:3306/letmedowith_test|     alter table task_feedback_template_message         drop         foreign key FK2xw1gd0ww0s08iv3lo6qat0oo|     alter table task_feedback_template_message         drop         foreign key FK2xw1gd0ww0s08iv3lo6qat0oo
1784389002043|10|statement|connection 194|url jdbc:mysql://localhost:3306/letmedowith_test|     alter table todo_task         drop         foreign key FKq9txtlns4mgoyh11t1jqumpme|     alter table todo_task         drop         foreign key FKq9txtlns4mgoyh11t1jqumpme
1784389002051|7|statement|connection 194|url jdbc:mysql://localhost:3306/letmedowith_test|     drop table if exists badge|     drop table if exists badge
1784389002061|9|statement|connection 194|url jdbc:mysql://localhost:3306/letmedowith_test|     drop table if exists dev_refresh_token|     drop table if exists dev_refresh_token
1784389002070|8|statement|connection 194|url jdbc:mysql://localhost:3306/letmedowith_test|     drop table if exists dowith_task|     drop table if exists dowith_task
1784389002080|9|statement|connection 194|url jdbc:mysql://localhost:3306/letmedowith_test|     drop table if exists dowith_task_feedback|     drop table if exists dowith_task_feedback
1784389002089|9|statement|connection 194|url jdbc:mysql://localhost:3306/letmedowith_test|     drop table if exists dowith_task_like|     drop table if exists dowith_task_like
1784389002100|10|statement|connection 194|url jdbc:mysql://localhost:3306/letmedowith_test|     drop table if exists dowith_task_routine|     drop table if exists dowith_task_routine
1784389002111|10|statement|connection 194|url jdbc:mysql://localhost:3306/letmedowith_test|     drop table if exists dowith_task_success|     drop table if exists dowith_task_success
1784389002118|7|statement|connection 194|url jdbc:mysql://localhost:3306/letmedowith_test|     drop table if exists holiday|     drop table if exists holiday
1784389002128|9|statement|connection 194|url jdbc:mysql://localhost:3306/letmedowith_test|     drop table if exists member|     drop table if exists member
1784389002138|9|statement|connection 194|url jdbc:mysql://localhost:3306/letmedowith_test|     drop table if exists member_alarm_setting|     drop table if exists member_alarm_setting
1784389002148|9|statement|connection 194|url jdbc:mysql://localhost:3306/letmedowith_test|     drop table if exists member_badge|     drop table if exists member_badge
1784389002156|7|statement|connection 194|url jdbc:mysql://localhost:3306/letmedowith_test|     drop table if exists member_follow|     drop table if exists member_follow
1784389002164|7|statement|connection 194|url jdbc:mysql://localhost:3306/letmedowith_test|     drop table if exists member_social_account|     drop table if exists member_social_account
1784389002171|6|statement|connection 194|url jdbc:mysql://localhost:3306/letmedowith_test|     drop table if exists member_status_history|     drop table if exists member_status_history
1784389002181|10|statement|connection 194|url jdbc:mysql://localhost:3306/letmedowith_test|     drop table if exists member_term_agree|     drop table if exists member_term_agree
1784389002189|8|statement|connection 194|url jdbc:mysql://localhost:3306/letmedowith_test|     drop table if exists notice|     drop table if exists notice
1784389002196|6|statement|connection 194|url jdbc:mysql://localhost:3306/letmedowith_test|     drop table if exists notice_content_image|     drop table if exists notice_content_image
1784389002203|7|statement|connection 194|url jdbc:mysql://localhost:3306/letmedowith_test|     drop table if exists notification|     drop table if exists notification
1784389002211|7|statement|connection 194|url jdbc:mysql://localhost:3306/letmedowith_test|     drop table if exists notification_template|     drop table if exists notification_template
1784389002219|8|statement|connection 194|url jdbc:mysql://localhost:3306/letmedowith_test|     drop table if exists notification_token|     drop table if exists notification_token
1784389002226|6|statement|connection 194|url jdbc:mysql://localhost:3306/letmedowith_test|     drop table if exists ranking_entry|     drop table if exists ranking_entry
1784389002234|8|statement|connection 194|url jdbc:mysql://localhost:3306/letmedowith_test|     drop table if exists ranking_topic|     drop table if exists ranking_topic
1784389002245|10|statement|connection 194|url jdbc:mysql://localhost:3306/letmedowith_test|     drop table if exists ranking_topic_round|     drop table if exists ranking_topic_round
1784389002258|13|statement|connection 194|url jdbc:mysql://localhost:3306/letmedowith_test|     drop table if exists task_category|     drop table if exists task_category
1784389002268|9|statement|connection 194|url jdbc:mysql://localhost:3306/letmedowith_test|     drop table if exists task_feedback_template|     drop table if exists task_feedback_template
1784389002274|6|statement|connection 194|url jdbc:mysql://localhost:3306/letmedowith_test|     drop table if exists task_feedback_template_message|     drop table if exists task_feedback_template_message
1784389002282|7|statement|connection 194|url jdbc:mysql://localhost:3306/letmedowith_test|     drop table if exists task_summary|     drop table if exists task_summary
1784389002290|8|statement|connection 194|url jdbc:mysql://localhost:3306/letmedowith_test|     drop table if exists todo_task|     drop table if exists todo_task
1784389002297|7|statement|connection 194|url jdbc:mysql://localhost:3306/letmedowith_test|     drop table if exists todo_task_routine|     drop table if exists todo_task_routine
1784389113120|20|statement|connection 4303|url jdbc:mysql://localhost:3306/letmedowith_test|     alter table dowith_task         drop         foreign key FKkjm1t4jam94wtf486023jdaam|     alter table dowith_task         drop         foreign key FKkjm1t4jam94wtf486023jdaam
1784389113129|8|statement|connection 4303|url jdbc:mysql://localhost:3306/letmedowith_test|     alter table dowith_task_like         drop         foreign key FKe3yxe45m46uwf8fhgul36un9v|     alter table dowith_task_like         drop         foreign key FKe3yxe45m46uwf8fhgul36un9v
1784389113137|7|statement|connection 4303|url jdbc:mysql://localhost:3306/letmedowith_test|     alter table dowith_task_success         drop         foreign key FKg8cantau9xpnh63og64mn8svu|     alter table dowith_task_success         drop         foreign key FKg8cantau9xpnh63og64mn8svu
1784389113145|7|statement|connection 4303|url jdbc:mysql://localhost:3306/letmedowith_test|     alter table member_alarm_setting         drop         foreign key FKj6uf0pevg5lu24k0fe5j1e38p|     alter table member_alarm_setting         drop         foreign key FKj6uf0pevg5lu24k0fe5j1e38p
1784389113157|11|statement|connection 4303|url jdbc:mysql://localhost:3306/letmedowith_test|     alter table member_badge         drop         foreign key FK39altb7wsyx1gyx3m492wf2kb|     alter table member_badge         drop         foreign key FK39altb7wsyx1gyx3m492wf2kb
1784389113169|11|statement|connection 4303|url jdbc:mysql://localhost:3306/letmedowith_test|     alter table member_follow         drop         foreign key FKrshygjds7c4j7prtkkok4ax6p|     alter table member_follow         drop         foreign key FKrshygjds7c4j7prtkkok4ax6p
1784389113175|5|statement|connection 4303|url jdbc:mysql://localhost:3306/letmedowith_test|     alter table member_follow         drop         foreign key FK1wlcnyo4j7gl8oxjje8m27119|     alter table member_follow         drop         foreign key FK1wlcnyo4j7gl8oxjje8m27119
1784389113182|7|statement|connection 4303|url jdbc:mysql://localhost:3306/letmedowith_test|     alter table member_social_account         drop         foreign key FK3f6sh5arekj1s8ta6j8g6ojtx|     alter table member_social_account         drop         foreign key FK3f6sh5arekj1s8ta6j8g6ojtx
1784389113188|6|statement|connection 4303|url jdbc:mysql://localhost:3306/letmedowith_test|     alter table member_status_history         drop         foreign key FK2oi1yq1grh5gq36u5w5rakqau|     alter table member_status_history         drop         foreign key FK2oi1yq1grh5gq36u5w5rakqau
1784389113195|7|statement|connection 4303|url jdbc:mysql://localhost:3306/letmedowith_test|     alter table member_term_agree         drop         foreign key FK27udwntf6y3danhk4kf00ifyt|     alter table member_term_agree         drop         foreign key FK27udwntf6y3danhk4kf00ifyt
1784389113205|9|statement|connection 4303|url jdbc:mysql://localhost:3306/letmedowith_test|     alter table notice_content_image         drop         foreign key FK6f5n3sm0d6ri9vspt8lak50lo|     alter table notice_content_image         drop         foreign key FK6f5n3sm0d6ri9vspt8lak50lo
1784389113213|7|statement|connection 4303|url jdbc:mysql://localhost:3306/letmedowith_test|     alter table ranking_entry         drop         foreign key FKbftpjnfqcg0ulghsw14tjjyk|     alter table ranking_entry         drop         foreign key FKbftpjnfqcg0ulghsw14tjjyk
1784389113222|9|statement|connection 4303|url jdbc:mysql://localhost:3306/letmedowith_test|     alter table ranking_topic         drop         foreign key FK1300ardn1ltmbfpp4rkuk97yd|     alter table ranking_topic         drop         foreign key FK1300ardn1ltmbfpp4rkuk97yd
1784389113229|6|statement|connection 4303|url jdbc:mysql://localhost:3306/letmedowith_test|     alter table ranking_topic_round         drop         foreign key FKgv4exjxd1tobi4i9748n1suts|     alter table ranking_topic_round         drop         foreign key FKgv4exjxd1tobi4i9748n1suts
1784389113236|6|statement|connection 4303|url jdbc:mysql://localhost:3306/letmedowith_test|     alter table task_feedback_template_message         drop         foreign key FK2xw1gd0ww0s08iv3lo6qat0oo|     alter table task_feedback_template_message         drop         foreign key FK2xw1gd0ww0s08iv3lo6qat0oo
1784389113243|6|statement|connection 4303|url jdbc:mysql://localhost:3306/letmedowith_test|     alter table todo_task         drop         foreign key FKq9txtlns4mgoyh11t1jqumpme|     alter table todo_task         drop         foreign key FKq9txtlns4mgoyh11t1jqumpme
1784389113251|8|statement|connection 4303|url jdbc:mysql://localhost:3306/letmedowith_test|     drop table if exists badge|     drop table if exists badge
1784389113259|8|statement|connection 4303|url jdbc:mysql://localhost:3306/letmedowith_test|     drop table if exists dev_refresh_token|     drop table if exists dev_refresh_token
1784389113267|7|statement|connection 4303|url jdbc:mysql://localhost:3306/letmedowith_test|     drop table if exists dowith_task|     drop table if exists dowith_task
1784389113277|10|statement|connection 4303|url jdbc:mysql://localhost:3306/letmedowith_test|     drop table if exists dowith_task_feedback|     drop table if exists dowith_task_feedback
1784389113285|7|statement|connection 4303|url jdbc:mysql://localhost:3306/letmedowith_test|     drop table if exists dowith_task_like|     drop table if exists dowith_task_like
1784389113294|8|statement|connection 4303|url jdbc:mysql://localhost:3306/letmedowith_test|     drop table if exists dowith_task_routine|     drop table if exists dowith_task_routine
1784389113302|8|statement|connection 4303|url jdbc:mysql://localhost:3306/letmedowith_test|     drop table if exists dowith_task_success|     drop table if exists dowith_task_success
1784389113310|7|statement|connection 4303|url jdbc:mysql://localhost:3306/letmedowith_test|     drop table if exists holiday|     drop table if exists holiday
1784389113319|9|statement|connection 4303|url jdbc:mysql://localhost:3306/letmedowith_test|     drop table if exists member|     drop table if exists member
1784389113327|8|statement|connection 4303|url jdbc:mysql://localhost:3306/letmedowith_test|     drop table if exists member_alarm_setting|     drop table if exists member_alarm_setting
1784389113334|6|statement|connection 4303|url jdbc:mysql://localhost:3306/letmedowith_test|     drop table if exists member_badge|     drop table if exists member_badge
1784389113341|6|statement|connection 4303|url jdbc:mysql://localhost:3306/letmedowith_test|     drop table if exists member_follow|     drop table if exists member_follow
1784389113352|11|statement|connection 4303|url jdbc:mysql://localhost:3306/letmedowith_test|     drop table if exists member_social_account|     drop table if exists member_social_account
1784389113362|10|statement|connection 4303|url jdbc:mysql://localhost:3306/letmedowith_test|     drop table if exists member_status_history|     drop table if exists member_status_history
1784389113372|9|statement|connection 4303|url jdbc:mysql://localhost:3306/letmedowith_test|     drop table if exists member_term_agree|     drop table if exists member_term_agree
1784389113381|8|statement|connection 4303|url jdbc:mysql://localhost:3306/letmedowith_test|     drop table if exists notice|     drop table if exists notice
1784389113389|8|statement|connection 4303|url jdbc:mysql://localhost:3306/letmedowith_test|     drop table if exists notice_content_image|     drop table if exists notice_content_image
1784389113398|9|statement|connection 4303|url jdbc:mysql://localhost:3306/letmedowith_test|     drop table if exists notification|     drop table if exists notification
1784389113405|6|statement|connection 4303|url jdbc:mysql://localhost:3306/letmedowith_test|     drop table if exists notification_template|     drop table if exists notification_template
1784389113412|7|statement|connection 4303|url jdbc:mysql://localhost:3306/letmedowith_test|     drop table if exists notification_token|     drop table if exists notification_token
1784389113420|7|statement|connection 4303|url jdbc:mysql://localhost:3306/letmedowith_test|     drop table if exists ranking_entry|     drop table if exists ranking_entry
1784389113427|6|statement|connection 4303|url jdbc:mysql://localhost:3306/letmedowith_test|     drop table if exists ranking_topic|     drop table if exists ranking_topic
1784389113434|6|statement|connection 4303|url jdbc:mysql://localhost:3306/letmedowith_test|     drop table if exists ranking_topic_round|     drop table if exists ranking_topic_round
1784389113440|6|statement|connection 4303|url jdbc:mysql://localhost:3306/letmedowith_test|     drop table if exists task_category|     drop table if exists task_category
1784389113449|8|statement|connection 4303|url jdbc:mysql://localhost:3306/letmedowith_test|     drop table if exists task_feedback_template|     drop table if exists task_feedback_template
1784389113456|7|statement|connection 4303|url jdbc:mysql://localhost:3306/letmedowith_test|     drop table if exists task_feedback_template_message|     drop table if exists task_feedback_template_message
1784389113463|6|statement|connection 4303|url jdbc:mysql://localhost:3306/letmedowith_test|     drop table if exists task_summary|     drop table if exists task_summary
1784389113471|7|statement|connection 4303|url jdbc:mysql://localhost:3306/letmedowith_test|     drop table if exists todo_task|     drop table if exists todo_task
1784389113478|6|statement|connection 4303|url jdbc:mysql://localhost:3306/letmedowith_test|     drop table if exists todo_task_routine|     drop table if exists todo_task_routine
1784389113521|2|statement|connection 4304|url jdbc:mysql://localhost:3306/letmedowith_test|     alter table dowith_task         drop         foreign key FKkjm1t4jam94wtf486023jdaam|     alter table dowith_task         drop         foreign key FKkjm1t4jam94wtf486023jdaam
1784389113524|1|statement|connection 4304|url jdbc:mysql://localhost:3306/letmedowith_test|     alter table dowith_task_like         drop         foreign key FKe3yxe45m46uwf8fhgul36un9v|     alter table dowith_task_like         drop         foreign key FKe3yxe45m46uwf8fhgul36un9v
1784389113526|2|statement|connection 4304|url jdbc:mysql://localhost:3306/letmedowith_test|     alter table dowith_task_success         drop         foreign key FKg8cantau9xpnh63og64mn8svu|     alter table dowith_task_success         drop         foreign key FKg8cantau9xpnh63og64mn8svu
1784389113529|2|statement|connection 4304|url jdbc:mysql://localhost:3306/letmedowith_test|     alter table member_alarm_setting         drop         foreign key FKj6uf0pevg5lu24k0fe5j1e38p|     alter table member_alarm_setting         drop         foreign key FKj6uf0pevg5lu24k0fe5j1e38p
1784389113532|2|statement|connection 4304|url jdbc:mysql://localhost:3306/letmedowith_test|     alter table member_badge         drop         foreign key FK39altb7wsyx1gyx3m492wf2kb|     alter table member_badge         drop         foreign key FK39altb7wsyx1gyx3m492wf2kb
1784389113534|2|statement|connection 4304|url jdbc:mysql://localhost:3306/letmedowith_test|     alter table member_follow         drop         foreign key FKrshygjds7c4j7prtkkok4ax6p|     alter table member_follow         drop         foreign key FKrshygjds7c4j7prtkkok4ax6p
1784389113538|3|statement|connection 4304|url jdbc:mysql://localhost:3306/letmedowith_test|     alter table member_follow         drop         foreign key FK1wlcnyo4j7gl8oxjje8m27119|     alter table member_follow         drop         foreign key FK1wlcnyo4j7gl8oxjje8m27119
1784389113540|2|statement|connection 4304|url jdbc:mysql://localhost:3306/letmedowith_test|     alter table member_social_account         drop         foreign key FK3f6sh5arekj1s8ta6j8g6ojtx|     alter table member_social_account         drop         foreign key FK3f6sh5arekj1s8ta6j8g6ojtx
1784389113543|2|statement|connection 4304|url jdbc:mysql://localhost:3306/letmedowith_test|     alter table member_status_history         drop         foreign key FK2oi1yq1grh5gq36u5w5rakqau|     alter table member_status_history         drop         foreign key FK2oi1yq1grh5gq36u5w5rakqau
1784389113545|2|statement|connection 4304|url jdbc:mysql://localhost:3306/letmedowith_test|     alter table member_term_agree         drop         foreign key FK27udwntf6y3danhk4kf00ifyt|     alter table member_term_agree         drop         foreign key FK27udwntf6y3danhk4kf00ifyt
1784389113548|2|statement|connection 4304|url jdbc:mysql://localhost:3306/letmedowith_test|     alter table notice_content_image         drop         foreign key FK6f5n3sm0d6ri9vspt8lak50lo|     alter table notice_content_image         drop         foreign key FK6f5n3sm0d6ri9vspt8lak50lo
1784389113550|2|statement|connection 4304|url jdbc:mysql://localhost:3306/letmedowith_test|     alter table ranking_entry         drop         foreign key FKbftpjnfqcg0ulghsw14tjjyk|     alter table ranking_entry         drop         foreign key FKbftpjnfqcg0ulghsw14tjjyk
1784389113552|1|statement|connection 4304|url jdbc:mysql://localhost:3306/letmedowith_test|     alter table ranking_topic         drop         foreign key FK1300ardn1ltmbfpp4rkuk97yd|     alter table ranking_topic         drop         foreign key FK1300ardn1ltmbfpp4rkuk97yd
1784389113553|1|statement|connection 4304|url jdbc:mysql://localhost:3306/letmedowith_test|     alter table ranking_topic_round         drop         foreign key FKgv4exjxd1tobi4i9748n1suts|     alter table ranking_topic_round         drop         foreign key FKgv4exjxd1tobi4i9748n1suts
1784389113556|2|statement|connection 4304|url jdbc:mysql://localhost:3306/letmedowith_test|     alter table task_feedback_template_message         drop         foreign key FK2xw1gd0ww0s08iv3lo6qat0oo|     alter table task_feedback_template_message         drop         foreign key FK2xw1gd0ww0s08iv3lo6qat0oo
1784389113558|1|statement|connection 4304|url jdbc:mysql://localhost:3306/letmedowith_test|     alter table todo_task         drop         foreign key FKq9txtlns4mgoyh11t1jqumpme|     alter table todo_task         drop         foreign key FKq9txtlns4mgoyh11t1jqumpme
1784389113561|2|statement|connection 4304|url jdbc:mysql://localhost:3306/letmedowith_test|     drop table if exists badge|     drop table if exists badge
1784389113565|3|statement|connection 4304|url jdbc:mysql://localhost:3306/letmedowith_test|     drop table if exists dev_refresh_token|     drop table if exists dev_refresh_token
1784389113569|2|statement|connection 4304|url jdbc:mysql://localhost:3306/letmedowith_test|     drop table if exists dowith_task|     drop table if exists dowith_task
1784389113572|2|statement|connection 4304|url jdbc:mysql://localhost:3306/letmedowith_test|     drop table if exists dowith_task_feedback|     drop table if exists dowith_task_feedback
1784389113576|2|statement|connection 4304|url jdbc:mysql://localhost:3306/letmedowith_test|     drop table if exists dowith_task_like|     drop table if exists dowith_task_like
1784389113578|2|statement|connection 4304|url jdbc:mysql://localhost:3306/letmedowith_test|     drop table if exists dowith_task_routine|     drop table if exists dowith_task_routine
1784389113582|2|statement|connection 4304|url jdbc:mysql://localhost:3306/letmedowith_test|     drop table if exists dowith_task_success|     drop table if exists dowith_task_success
1784389113585|2|statement|connection 4304|url jdbc:mysql://localhost:3306/letmedowith_test|     drop table if exists holiday|     drop table if exists holiday
1784389113588|2|statement|connection 4304|url jdbc:mysql://localhost:3306/letmedowith_test|     drop table if exists member|     drop table if exists member
1784389113592|2|statement|connection 4304|url jdbc:mysql://localhost:3306/letmedowith_test|     drop table if exists member_alarm_setting|     drop table if exists member_alarm_setting
1784389113597|4|statement|connection 4304|url jdbc:mysql://localhost:3306/letmedowith_test|     drop table if exists member_badge|     drop table if exists member_badge
1784389113603|5|statement|connection 4304|url jdbc:mysql://localhost:3306/letmedowith_test|     drop table if exists member_follow|     drop table if exists member_follow
1784389113607|2|statement|connection 4304|url jdbc:mysql://localhost:3306/letmedowith_test|     drop table if exists member_social_account|     drop table if exists member_social_account
1784389113611|2|statement|connection 4304|url jdbc:mysql://localhost:3306/letmedowith_test|     drop table if exists member_status_history|     drop table if exists member_status_history
1784389113614|2|statement|connection 4304|url jdbc:mysql://localhost:3306/letmedowith_test|     drop table if exists member_term_agree|     drop table if exists member_term_agree
1784389113618|2|statement|connection 4304|url jdbc:mysql://localhost:3306/letmedowith_test|     drop table if exists notice|     drop table if exists notice
1784389113622|2|statement|connection 4304|url jdbc:mysql://localhost:3306/letmedowith_test|     drop table if exists notice_content_image|     drop table if exists notice_content_image
1784389113628|3|statement|connection 4304|url jdbc:mysql://localhost:3306/letmedowith_test|     drop table if exists notification|     drop table if exists notification
1784389113632|2|statement|connection 4304|url jdbc:mysql://localhost:3306/letmedowith_test|     drop table if exists notification_template|     drop table if exists notification_template
1784389113636|2|statement|connection 4304|url jdbc:mysql://localhost:3306/letmedowith_test|     drop table if exists notification_token|     drop table if exists notification_token
1784389113639|3|statement|connection 4304|url jdbc:mysql://localhost:3306/letmedowith_test|     drop table if exists ranking_entry|     drop table if exists ranking_entry
1784389113644|3|statement|connection 4304|url jdbc:mysql://localhost:3306/letmedowith_test|     drop table if exists ranking_topic|     drop table if exists ranking_topic
1784389113647|2|statement|connection 4304|url jdbc:mysql://localhost:3306/letmedowith_test|     drop table if exists ranking_topic_round|     drop table if exists ranking_topic_round
1784389113651|2|statement|connection 4304|url jdbc:mysql://localhost:3306/letmedowith_test|     drop table if exists task_category|     drop table if exists task_category
1784389113654|2|statement|connection 4304|url jdbc:mysql://localhost:3306/letmedowith_test|     drop table if exists task_feedback_template|     drop table if exists task_feedback_template
1784389113659|3|statement|connection 4304|url jdbc:mysql://localhost:3306/letmedowith_test|     drop table if exists task_feedback_template_message|     drop table if exists task_feedback_template_message
1784389113661|2|statement|connection 4304|url jdbc:mysql://localhost:3306/letmedowith_test|     drop table if exists task_summary|     drop table if exists task_summary
1784389113664|2|statement|connection 4304|url jdbc:mysql://localhost:3306/letmedowith_test|     drop table if exists todo_task|     drop table if exists todo_task
1784389113668|2|statement|connection 4304|url jdbc:mysql://localhost:3306/letmedowith_test|     drop table if exists todo_task_routine|     drop table if exists todo_task_routine
1784389113848|2|statement|connection 4305|url jdbc:mysql://localhost:3306/letmedowith_test|     alter table dowith_task         drop         foreign key FKkjm1t4jam94wtf486023jdaam|     alter table dowith_task         drop         foreign key FKkjm1t4jam94wtf486023jdaam
1784389113851|2|statement|connection 4305|url jdbc:mysql://localhost:3306/letmedowith_test|     alter table dowith_task_like         drop         foreign key FKe3yxe45m46uwf8fhgul36un9v|     alter table dowith_task_like         drop         foreign key FKe3yxe45m46uwf8fhgul36un9v
1784389113854|3|statement|connection 4305|url jdbc:mysql://localhost:3306/letmedowith_test|     alter table dowith_task_success         drop         foreign key FKg8cantau9xpnh63og64mn8svu|     alter table dowith_task_success         drop         foreign key FKg8cantau9xpnh63og64mn8svu
1784389113864|9|statement|connection 4305|url jdbc:mysql://localhost:3306/letmedowith_test|     alter table member_alarm_setting         drop         foreign key FKj6uf0pevg5lu24k0fe5j1e38p|     alter table member_alarm_setting         drop         foreign key FKj6uf0pevg5lu24k0fe5j1e38p
1784389113867|3|statement|connection 4305|url jdbc:mysql://localhost:3306/letmedowith_test|     alter table member_badge         drop         foreign key FK39altb7wsyx1gyx3m492wf2kb|     alter table member_badge         drop         foreign key FK39altb7wsyx1gyx3m492wf2kb
1784389113872|4|statement|connection 4305|url jdbc:mysql://localhost:3306/letmedowith_test|     alter table member_follow         drop         foreign key FKrshygjds7c4j7prtkkok4ax6p|     alter table member_follow         drop         foreign key FKrshygjds7c4j7prtkkok4ax6p
1784389113874|2|statement|connection 4305|url jdbc:mysql://localhost:3306/letmedowith_test|     alter table member_follow         drop         foreign key FK1wlcnyo4j7gl8oxjje8m27119|     alter table member_follow         drop         foreign key FK1wlcnyo4j7gl8oxjje8m27119
1784389113876|2|statement|connection 4305|url jdbc:mysql://localhost:3306/letmedowith_test|     alter table member_social_account         drop         foreign key FK3f6sh5arekj1s8ta6j8g6ojtx|     alter table member_social_account         drop         foreign key FK3f6sh5arekj1s8ta6j8g6ojtx
1784389113879|2|statement|connection 4305|url jdbc:mysql://localhost:3306/letmedowith_test|     alter table member_status_history         drop         foreign key FK2oi1yq1grh5gq36u5w5rakqau|     alter table member_status_history         drop         foreign key FK2oi1yq1grh5gq36u5w5rakqau
1784389113882|2|statement|connection 4305|url jdbc:mysql://localhost:3306/letmedowith_test|     alter table member_term_agree         drop         foreign key FK27udwntf6y3danhk4kf00ifyt|     alter table member_term_agree         drop         foreign key FK27udwntf6y3danhk4kf00ifyt
1784389113886|3|statement|connection 4305|url jdbc:mysql://localhost:3306/letmedowith_test|     alter table notice_content_image         drop         foreign key FK6f5n3sm0d6ri9vspt8lak50lo|     alter table notice_content_image         drop         foreign key FK6f5n3sm0d6ri9vspt8lak50lo
1784389113888|2|statement|connection 4305|url jdbc:mysql://localhost:3306/letmedowith_test|     alter table ranking_entry         drop         foreign key FKbftpjnfqcg0ulghsw14tjjyk|     alter table ranking_entry         drop         foreign key FKbftpjnfqcg0ulghsw14tjjyk
1784389113890|1|statement|connection 4305|url jdbc:mysql://localhost:3306/letmedowith_test|     alter table ranking_topic         drop         foreign key FK1300ardn1ltmbfpp4rkuk97yd|     alter table ranking_topic         drop         foreign key FK1300ardn1ltmbfpp4rkuk97yd
1784389113892|2|statement|connection 4305|url jdbc:mysql://localhost:3306/letmedowith_test|     alter table ranking_topic_round         drop         foreign key FKgv4exjxd1tobi4i9748n1suts|     alter table ranking_topic_round         drop         foreign key FKgv4exjxd1tobi4i9748n1suts
1784389113895|2|statement|connection 4305|url jdbc:mysql://localhost:3306/letmedowith_test|     alter table task_feedback_template_message         drop         foreign key FK2xw1gd0ww0s08iv3lo6qat0oo|     alter table task_feedback_template_message         drop         foreign key FK2xw1gd0ww0s08iv3lo6qat0oo
1784389113897|2|statement|connection 4305|url jdbc:mysql://localhost:3306/letmedowith_test|     alter table todo_task         drop         foreign key FKq9txtlns4mgoyh11t1jqumpme|     alter table todo_task         drop         foreign key FKq9txtlns4mgoyh11t1jqumpme
1784389113900|2|statement|connection 4305|url jdbc:mysql://localhost:3306/letmedowith_test|     drop table if exists badge|     drop table if exists badge
1784389113904|2|statement|connection 4305|url jdbc:mysql://localhost:3306/letmedowith_test|     drop table if exists dev_refresh_token|     drop table if exists dev_refresh_token
1784389113908|3|statement|connection 4305|url jdbc:mysql://localhost:3306/letmedowith_test|     drop table if exists dowith_task|     drop table if exists dowith_task
1784389113913|3|statement|connection 4305|url jdbc:mysql://localhost:3306/letmedowith_test|     drop table if exists dowith_task_feedback|     drop table if exists dowith_task_feedback
1784389113918|3|statement|connection 4305|url jdbc:mysql://localhost:3306/letmedowith_test|     drop table if exists dowith_task_like|     drop table if exists dowith_task_like
1784389113923|4|statement|connection 4305|url jdbc:mysql://localhost:3306/letmedowith_test|     drop table if exists dowith_task_routine|     drop table if exists dowith_task_routine
1784389113928|3|statement|connection 4305|url jdbc:mysql://localhost:3306/letmedowith_test|     drop table if exists dowith_task_success|     drop table if exists dowith_task_success
1784389113932|3|statement|connection 4305|url jdbc:mysql://localhost:3306/letmedowith_test|     drop table if exists holiday|     drop table if exists holiday
1784389113936|3|statement|connection 4305|url jdbc:mysql://localhost:3306/letmedowith_test|     drop table if exists member|     drop table if exists member
1784389113956|18|statement|connection 4305|url jdbc:mysql://localhost:3306/letmedowith_test|     drop table if exists member_alarm_setting|     drop table if exists member_alarm_setting
1784389113965|6|statement|connection 4305|url jdbc:mysql://localhost:3306/letmedowith_test|     drop table if exists member_badge|     drop table if exists member_badge
1784389113979|13|statement|connection 4305|url jdbc:mysql://localhost:3306/letmedowith_test|     drop table if exists member_follow|     drop table if exists member_follow
1784389113984|3|statement|connection 4305|url jdbc:mysql://localhost:3306/letmedowith_test|     drop table if exists member_social_account|     drop table if exists member_social_account
1784389113987|2|statement|connection 4305|url jdbc:mysql://localhost:3306/letmedowith_test|     drop table if exists member_status_history|     drop table if exists member_status_history
1784389113991|3|statement|connection 4305|url jdbc:mysql://localhost:3306/letmedowith_test|     drop table if exists member_term_agree|     drop table if exists member_term_agree
1784389113995|2|statement|connection 4305|url jdbc:mysql://localhost:3306/letmedowith_test|     drop table if exists notice|     drop table if exists notice
1784389114000|4|statement|connection 4305|url jdbc:mysql://localhost:3306/letmedowith_test|     drop table if exists notice_content_image|     drop table if exists notice_content_image
1784389114003|2|statement|connection 4305|url jdbc:mysql://localhost:3306/letmedowith_test|     drop table if exists notification|     drop table if exists notification
1784389114009|4|statement|connection 4305|url jdbc:mysql://localhost:3306/letmedowith_test|     drop table if exists notification_template|     drop table if exists notification_template
1784389114014|3|statement|connection 4305|url jdbc:mysql://localhost:3306/letmedowith_test|     drop table if exists notification_token|     drop table if exists notification_token
1784389114017|2|statement|connection 4305|url jdbc:mysql://localhost:3306/letmedowith_test|     drop table if exists ranking_entry|     drop table if exists ranking_entry
1784389114020|2|statement|connection 4305|url jdbc:mysql://localhost:3306/letmedowith_test|     drop table if exists ranking_topic|     drop table if exists ranking_topic
1784389114023|2|statement|connection 4305|url jdbc:mysql://localhost:3306/letmedowith_test|     drop table if exists ranking_topic_round|     drop table if exists ranking_topic_round
1784389114027|2|statement|connection 4305|url jdbc:mysql://localhost:3306/letmedowith_test|     drop table if exists task_category|     drop table if exists task_category
1784389114030|2|statement|connection 4305|url jdbc:mysql://localhost:3306/letmedowith_test|     drop table if exists task_feedback_template|     drop table if exists task_feedback_template
1784389114035|4|statement|connection 4305|url jdbc:mysql://localhost:3306/letmedowith_test|     drop table if exists task_feedback_template_message|     drop table if exists task_feedback_template_message
1784389114039|3|statement|connection 4305|url jdbc:mysql://localhost:3306/letmedowith_test|     drop table if exists task_summary|     drop table if exists task_summary
1784389114044|3|statement|connection 4305|url jdbc:mysql://localhost:3306/letmedowith_test|     drop table if exists todo_task|     drop table if exists todo_task
1784389114049|3|statement|connection 4305|url jdbc:mysql://localhost:3306/letmedowith_test|     drop table if exists todo_task_routine|     drop table if exists todo_task_routine
1784389114073|2|statement|connection 4306|url jdbc:mysql://localhost:3306/letmedowith_test|     alter table dowith_task         drop         foreign key FKkjm1t4jam94wtf486023jdaam|     alter table dowith_task         drop         foreign key FKkjm1t4jam94wtf486023jdaam
1784389114074|1|statement|connection 4306|url jdbc:mysql://localhost:3306/letmedowith_test|     alter table dowith_task_like         drop         foreign key FKe3yxe45m46uwf8fhgul36un9v|     alter table dowith_task_like         drop         foreign key FKe3yxe45m46uwf8fhgul36un9v
1784389114076|1|statement|connection 4306|url jdbc:mysql://localhost:3306/letmedowith_test|     alter table dowith_task_success         drop         foreign key FKg8cantau9xpnh63og64mn8svu|     alter table dowith_task_success         drop         foreign key FKg8cantau9xpnh63og64mn8svu
1784389114078|1|statement|connection 4306|url jdbc:mysql://localhost:3306/letmedowith_test|     alter table member_alarm_setting         drop         foreign key FKj6uf0pevg5lu24k0fe5j1e38p|     alter table member_alarm_setting         drop         foreign key FKj6uf0pevg5lu24k0fe5j1e38p
1784389114079|1|statement|connection 4306|url jdbc:mysql://localhost:3306/letmedowith_test|     alter table member_badge         drop         foreign key FK39altb7wsyx1gyx3m492wf2kb|     alter table member_badge         drop         foreign key FK39altb7wsyx1gyx3m492wf2kb
1784389114080|1|statement|connection 4306|url jdbc:mysql://localhost:3306/letmedowith_test|     alter table member_follow         drop         foreign key FKrshygjds7c4j7prtkkok4ax6p|     alter table member_follow         drop         foreign key FKrshygjds7c4j7prtkkok4ax6p
1784389114082|1|statement|connection 4306|url jdbc:mysql://localhost:3306/letmedowith_test|     alter table member_follow         drop         foreign key FK1wlcnyo4j7gl8oxjje8m27119|     alter table member_follow         drop         foreign key FK1wlcnyo4j7gl8oxjje8m27119
1784389114083|1|statement|connection 4306|url jdbc:mysql://localhost:3306/letmedowith_test|     alter table member_social_account         drop         foreign key FK3f6sh5arekj1s8ta6j8g6ojtx|     alter table member_social_account         drop         foreign key FK3f6sh5arekj1s8ta6j8g6ojtx
1784389114084|1|statement|connection 4306|url jdbc:mysql://localhost:3306/letmedowith_test|     alter table member_status_history         drop         foreign key FK2oi1yq1grh5gq36u5w5rakqau|     alter table member_status_history         drop         foreign key FK2oi1yq1grh5gq36u5w5rakqau
1784389114086|1|statement|connection 4306|url jdbc:mysql://localhost:3306/letmedowith_test|     alter table member_term_agree         drop         foreign key FK27udwntf6y3danhk4kf00ifyt|     alter table member_term_agree         drop         foreign key FK27udwntf6y3danhk4kf00ifyt
1784389114087|1|statement|connection 4306|url jdbc:mysql://localhost:3306/letmedowith_test|     alter table notice_content_image         drop         foreign key FK6f5n3sm0d6ri9vspt8lak50lo|     alter table notice_content_image         drop         foreign key FK6f5n3sm0d6ri9vspt8lak50lo
1784389114089|1|statement|connection 4306|url jdbc:mysql://localhost:3306/letmedowith_test|     alter table ranking_entry         drop         foreign key FKbftpjnfqcg0ulghsw14tjjyk|     alter table ranking_entry         drop         foreign key FKbftpjnfqcg0ulghsw14tjjyk
1784389114092|2|statement|connection 4306|url jdbc:mysql://localhost:3306/letmedowith_test|     alter table ranking_topic         drop         foreign key FK1300ardn1ltmbfpp4rkuk97yd|     alter table ranking_topic         drop         foreign key FK1300ardn1ltmbfpp4rkuk97yd
1784389114093|1|statement|connection 4306|url jdbc:mysql://localhost:3306/letmedowith_test|     alter table ranking_topic_round         drop         foreign key FKgv4exjxd1tobi4i9748n1suts|     alter table ranking_topic_round         drop         foreign key FKgv4exjxd1tobi4i9748n1suts
1784389114095|1|statement|connection 4306|url jdbc:mysql://localhost:3306/letmedowith_test|     alter table task_feedback_template_message         drop         foreign key FK2xw1gd0ww0s08iv3lo6qat0oo|     alter table task_feedback_template_message         drop         foreign key FK2xw1gd0ww0s08iv3lo6qat0oo
1784389114096|1|statement|connection 4306|url jdbc:mysql://localhost:3306/letmedowith_test|     alter table todo_task         drop         foreign key FKq9txtlns4mgoyh11t1jqumpme|     alter table todo_task         drop         foreign key FKq9txtlns4mgoyh11t1jqumpme
1784389114099|2|statement|connection 4306|url jdbc:mysql://localhost:3306/letmedowith_test|     drop table if exists badge|     drop table if exists badge
1784389114102|2|statement|connection 4306|url jdbc:mysql://localhost:3306/letmedowith_test|     drop table if exists dev_refresh_token|     drop table if exists dev_refresh_token
1784389114106|2|statement|connection 4306|url jdbc:mysql://localhost:3306/letmedowith_test|     drop table if exists dowith_task|     drop table if exists dowith_task
1784389114110|3|statement|connection 4306|url jdbc:mysql://localhost:3306/letmedowith_test|     drop table if exists dowith_task_feedback|     drop table if exists dowith_task_feedback
1784389114116|4|statement|connection 4306|url jdbc:mysql://localhost:3306/letmedowith_test|     drop table if exists dowith_task_like|     drop table if exists dowith_task_like
1784389114120|2|statement|connection 4306|url jdbc:mysql://localhost:3306/letmedowith_test|     drop table if exists dowith_task_routine|     drop table if exists dowith_task_routine
1784389114123|2|statement|connection 4306|url jdbc:mysql://localhost:3306/letmedowith_test|     drop table if exists dowith_task_success|     drop table if exists dowith_task_success
1784389114127|2|statement|connection 4306|url jdbc:mysql://localhost:3306/letmedowith_test|     drop table if exists holiday|     drop table if exists holiday
1784389114130|2|statement|connection 4306|url jdbc:mysql://localhost:3306/letmedowith_test|     drop table if exists member|     drop table if exists member
1784389114135|3|statement|connection 4306|url jdbc:mysql://localhost:3306/letmedowith_test|     drop table if exists member_alarm_setting|     drop table if exists member_alarm_setting
1784389114140|4|statement|connection 4306|url jdbc:mysql://localhost:3306/letmedowith_test|     drop table if exists member_badge|     drop table if exists member_badge
1784389114143|2|statement|connection 4306|url jdbc:mysql://localhost:3306/letmedowith_test|     drop table if exists member_follow|     drop table if exists member_follow
1784389114146|2|statement|connection 4306|url jdbc:mysql://localhost:3306/letmedowith_test|     drop table if exists member_social_account|     drop table if exists member_social_account
1784389114149|2|statement|connection 4306|url jdbc:mysql://localhost:3306/letmedowith_test|     drop table if exists member_status_history|     drop table if exists member_status_history
1784389114152|1|statement|connection 4306|url jdbc:mysql://localhost:3306/letmedowith_test|     drop table if exists member_term_agree|     drop table if exists member_term_agree
1784389114155|2|statement|connection 4306|url jdbc:mysql://localhost:3306/letmedowith_test|     drop table if exists notice|     drop table if exists notice
1784389114157|2|statement|connection 4306|url jdbc:mysql://localhost:3306/letmedowith_test|     drop table if exists notice_content_image|     drop table if exists notice_content_image
1784389114160|2|statement|connection 4306|url jdbc:mysql://localhost:3306/letmedowith_test|     drop table if exists notification|     drop table if exists notification
1784389114163|2|statement|connection 4306|url jdbc:mysql://localhost:3306/letmedowith_test|     drop table if exists notification_template|     drop table if exists notification_template
1784389114166|2|statement|connection 4306|url jdbc:mysql://localhost:3306/letmedowith_test|     drop table if exists notification_token|     drop table if exists notification_token
1784389114169|2|statement|connection 4306|url jdbc:mysql://localhost:3306/letmedowith_test|     drop table if exists ranking_entry|     drop table if exists ranking_entry
1784389114172|2|statement|connection 4306|url jdbc:mysql://localhost:3306/letmedowith_test|     drop table if exists ranking_topic|     drop table if exists ranking_topic
1784389114175|2|statement|connection 4306|url jdbc:mysql://localhost:3306/letmedowith_test|     drop table if exists ranking_topic_round|     drop table if exists ranking_topic_round
1784389114178|2|statement|connection 4306|url jdbc:mysql://localhost:3306/letmedowith_test|     drop table if exists task_category|     drop table if exists task_category
1784389114181|2|statement|connection 4306|url jdbc:mysql://localhost:3306/letmedowith_test|     drop table if exists task_feedback_template|     drop table if exists task_feedback_template
1784389114184|1|statement|connection 4306|url jdbc:mysql://localhost:3306/letmedowith_test|     drop table if exists task_feedback_template_message|     drop table if exists task_feedback_template_message
1784389114186|1|statement|connection 4306|url jdbc:mysql://localhost:3306/letmedowith_test|     drop table if exists task_summary|     drop table if exists task_summary
1784389114190|2|statement|connection 4306|url jdbc:mysql://localhost:3306/letmedowith_test|     drop table if exists todo_task|     drop table if exists todo_task
1784389114192|1|statement|connection 4306|url jdbc:mysql://localhost:3306/letmedowith_test|     drop table if exists todo_task_routine|     drop table if exists todo_task_routine
1784389459798|33|statement|connection 4553|url jdbc:mysql://localhost:3306/letmedowith_test|     alter table dowith_task         drop         foreign key FKkjm1t4jam94wtf486023jdaam|     alter table dowith_task         drop         foreign key FKkjm1t4jam94wtf486023jdaam
1784389459806|7|statement|connection 4553|url jdbc:mysql://localhost:3306/letmedowith_test|     alter table dowith_task_like         drop         foreign key FKe3yxe45m46uwf8fhgul36un9v|     alter table dowith_task_like         drop         foreign key FKe3yxe45m46uwf8fhgul36un9v
1784389459816|10|statement|connection 4553|url jdbc:mysql://localhost:3306/letmedowith_test|     alter table dowith_task_success         drop         foreign key FKg8cantau9xpnh63og64mn8svu|     alter table dowith_task_success         drop         foreign key FKg8cantau9xpnh63og64mn8svu
1784389459829|12|statement|connection 4553|url jdbc:mysql://localhost:3306/letmedowith_test|     alter table member_alarm_setting         drop         foreign key FKj6uf0pevg5lu24k0fe5j1e38p|     alter table member_alarm_setting         drop         foreign key FKj6uf0pevg5lu24k0fe5j1e38p
1784389459838|8|statement|connection 4553|url jdbc:mysql://localhost:3306/letmedowith_test|     alter table member_badge         drop         foreign key FK39altb7wsyx1gyx3m492wf2kb|     alter table member_badge         drop         foreign key FK39altb7wsyx1gyx3m492wf2kb
1784389459847|8|statement|connection 4553|url jdbc:mysql://localhost:3306/letmedowith_test|     alter table member_follow         drop         foreign key FKrshygjds7c4j7prtkkok4ax6p|     alter table member_follow         drop         foreign key FKrshygjds7c4j7prtkkok4ax6p
1784389459854|7|statement|connection 4553|url jdbc:mysql://localhost:3306/letmedowith_test|     alter table member_follow         drop         foreign key FK1wlcnyo4j7gl8oxjje8m27119|     alter table member_follow         drop         foreign key FK1wlcnyo4j7gl8oxjje8m27119
1784389459861|6|statement|connection 4553|url jdbc:mysql://localhost:3306/letmedowith_test|     alter table member_social_account         drop         foreign key FK3f6sh5arekj1s8ta6j8g6ojtx|     alter table member_social_account         drop         foreign key FK3f6sh5arekj1s8ta6j8g6ojtx
1784389459867|6|statement|connection 4553|url jdbc:mysql://localhost:3306/letmedowith_test|     alter table member_status_history         drop         foreign key FK2oi1yq1grh5gq36u5w5rakqau|     alter table member_status_history         drop         foreign key FK2oi1yq1grh5gq36u5w5rakqau
1784389459875|7|statement|connection 4553|url jdbc:mysql://localhost:3306/letmedowith_test|     alter table member_term_agree         drop         foreign key FK27udwntf6y3danhk4kf00ifyt|     alter table member_term_agree         drop         foreign key FK27udwntf6y3danhk4kf00ifyt
1784389459885|10|statement|connection 4553|url jdbc:mysql://localhost:3306/letmedowith_test|     alter table notice_content_image         drop         foreign key FK6f5n3sm0d6ri9vspt8lak50lo|     alter table notice_content_image         drop         foreign key FK6f5n3sm0d6ri9vspt8lak50lo
1784389459894|8|statement|connection 4553|url jdbc:mysql://localhost:3306/letmedowith_test|     alter table ranking_entry         drop         foreign key FKbftpjnfqcg0ulghsw14tjjyk|     alter table ranking_entry         drop         foreign key FKbftpjnfqcg0ulghsw14tjjyk
1784389459903|9|statement|connection 4553|url jdbc:mysql://localhost:3306/letmedowith_test|     alter table ranking_topic         drop         foreign key FK1300ardn1ltmbfpp4rkuk97yd|     alter table ranking_topic         drop         foreign key FK1300ardn1ltmbfpp4rkuk97yd
1784389459911|7|statement|connection 4553|url jdbc:mysql://localhost:3306/letmedowith_test|     alter table ranking_topic_round         drop         foreign key FKgv4exjxd1tobi4i9748n1suts|     alter table ranking_topic_round         drop         foreign key FKgv4exjxd1tobi4i9748n1suts
1784389459919|7|statement|connection 4553|url jdbc:mysql://localhost:3306/letmedowith_test|     alter table task_feedback_template_message         drop         foreign key FK2xw1gd0ww0s08iv3lo6qat0oo|     alter table task_feedback_template_message         drop         foreign key FK2xw1gd0ww0s08iv3lo6qat0oo
1784389459926|7|statement|connection 4553|url jdbc:mysql://localhost:3306/letmedowith_test|     alter table todo_task         drop         foreign key FKq9txtlns4mgoyh11t1jqumpme|     alter table todo_task         drop         foreign key FKq9txtlns4mgoyh11t1jqumpme
1784389459934|7|statement|connection 4553|url jdbc:mysql://localhost:3306/letmedowith_test|     drop table if exists badge|     drop table if exists badge
1784389459947|13|statement|connection 4553|url jdbc:mysql://localhost:3306/letmedowith_test|     drop table if exists dev_refresh_token|     drop table if exists dev_refresh_token
1784389459960|12|statement|connection 4553|url jdbc:mysql://localhost:3306/letmedowith_test|     drop table if exists dowith_task|     drop table if exists dowith_task
1784389459979|19|statement|connection 4553|url jdbc:mysql://localhost:3306/letmedowith_test|     drop table if exists dowith_task_feedback|     drop table if exists dowith_task_feedback
1784389459992|12|statement|connection 4553|url jdbc:mysql://localhost:3306/letmedowith_test|     drop table if exists dowith_task_like|     drop table if exists dowith_task_like
1784389460000|7|statement|connection 4553|url jdbc:mysql://localhost:3306/letmedowith_test|     drop table if exists dowith_task_routine|     drop table if exists dowith_task_routine
1784389460010|9|statement|connection 4553|url jdbc:mysql://localhost:3306/letmedowith_test|     drop table if exists dowith_task_success|     drop table if exists dowith_task_success
1784389460019|8|statement|connection 4553|url jdbc:mysql://localhost:3306/letmedowith_test|     drop table if exists holiday|     drop table if exists holiday
1784389460026|6|statement|connection 4553|url jdbc:mysql://localhost:3306/letmedowith_test|     drop table if exists member|     drop table if exists member
1784389460033|7|statement|connection 4553|url jdbc:mysql://localhost:3306/letmedowith_test|     drop table if exists member_alarm_setting|     drop table if exists member_alarm_setting
1784389460048|13|statement|connection 4553|url jdbc:mysql://localhost:3306/letmedowith_test|     drop table if exists member_badge|     drop table if exists member_badge
1784389460063|15|statement|connection 4553|url jdbc:mysql://localhost:3306/letmedowith_test|     drop table if exists member_follow|     drop table if exists member_follow
1784389460074|11|statement|connection 4553|url jdbc:mysql://localhost:3306/letmedowith_test|     drop table if exists member_social_account|     drop table if exists member_social_account
1784389460082|7|statement|connection 4553|url jdbc:mysql://localhost:3306/letmedowith_test|     drop table if exists member_status_history|     drop table if exists member_status_history
1784389460089|7|statement|connection 4553|url jdbc:mysql://localhost:3306/letmedowith_test|     drop table if exists member_term_agree|     drop table if exists member_term_agree
1784389460096|7|statement|connection 4553|url jdbc:mysql://localhost:3306/letmedowith_test|     drop table if exists notice|     drop table if exists notice
1784389460106|9|statement|connection 4553|url jdbc:mysql://localhost:3306/letmedowith_test|     drop table if exists notice_content_image|     drop table if exists notice_content_image
1784389460113|7|statement|connection 4553|url jdbc:mysql://localhost:3306/letmedowith_test|     drop table if exists notification|     drop table if exists notification
1784389460120|6|statement|connection 4553|url jdbc:mysql://localhost:3306/letmedowith_test|     drop table if exists notification_template|     drop table if exists notification_template
1784389460128|7|statement|connection 4553|url jdbc:mysql://localhost:3306/letmedowith_test|     drop table if exists notification_token|     drop table if exists notification_token
1784389460134|6|statement|connection 4553|url jdbc:mysql://localhost:3306/letmedowith_test|     drop table if exists ranking_entry|     drop table if exists ranking_entry
1784389460142|7|statement|connection 4553|url jdbc:mysql://localhost:3306/letmedowith_test|     drop table if exists ranking_topic|     drop table if exists ranking_topic
1784389460148|5|statement|connection 4553|url jdbc:mysql://localhost:3306/letmedowith_test|     drop table if exists ranking_topic_round|     drop table if exists ranking_topic_round
1784389460155|7|statement|connection 4553|url jdbc:mysql://localhost:3306/letmedowith_test|     drop table if exists task_category|     drop table if exists task_category
1784389460162|6|statement|connection 4553|url jdbc:mysql://localhost:3306/letmedowith_test|     drop table if exists task_feedback_template|     drop table if exists task_feedback_template
1784389460168|6|statement|connection 4553|url jdbc:mysql://localhost:3306/letmedowith_test|     drop table if exists task_feedback_template_message|     drop table if exists task_feedback_template_message
1784389460176|7|statement|connection 4553|url jdbc:mysql://localhost:3306/letmedowith_test|     drop table if exists task_summary|     drop table if exists task_summary
1784389460186|9|statement|connection 4553|url jdbc:mysql://localhost:3306/letmedowith_test|     drop table if exists todo_task|     drop table if exists todo_task
1784389460193|7|statement|connection 4553|url jdbc:mysql://localhost:3306/letmedowith_test|     drop table if exists todo_task_routine|     drop table if exists todo_task_routine
1784389460222|3|statement|connection 4554|url jdbc:mysql://localhost:3306/letmedowith_test|     alter table dowith_task         drop         foreign key FKkjm1t4jam94wtf486023jdaam|     alter table dowith_task         drop         foreign key FKkjm1t4jam94wtf486023jdaam
1784389460225|2|statement|connection 4554|url jdbc:mysql://localhost:3306/letmedowith_test|     alter table dowith_task_like         drop         foreign key FKe3yxe45m46uwf8fhgul36un9v|     alter table dowith_task_like         drop         foreign key FKe3yxe45m46uwf8fhgul36un9v
1784389460232|7|statement|connection 4554|url jdbc:mysql://localhost:3306/letmedowith_test|     alter table dowith_task_success         drop         foreign key FKg8cantau9xpnh63og64mn8svu|     alter table dowith_task_success         drop         foreign key FKg8cantau9xpnh63og64mn8svu
1784389460237|4|statement|connection 4554|url jdbc:mysql://localhost:3306/letmedowith_test|     alter table member_alarm_setting         drop         foreign key FKj6uf0pevg5lu24k0fe5j1e38p|     alter table member_alarm_setting         drop         foreign key FKj6uf0pevg5lu24k0fe5j1e38p
1784389460241|3|statement|connection 4554|url jdbc:mysql://localhost:3306/letmedowith_test|     alter table member_badge         drop         foreign key FK39altb7wsyx1gyx3m492wf2kb|     alter table member_badge         drop         foreign key FK39altb7wsyx1gyx3m492wf2kb
1784389460244|2|statement|connection 4554|url jdbc:mysql://localhost:3306/letmedowith_test|     alter table member_follow         drop         foreign key FKrshygjds7c4j7prtkkok4ax6p|     alter table member_follow         drop         foreign key FKrshygjds7c4j7prtkkok4ax6p
1784389460247|3|statement|connection 4554|url jdbc:mysql://localhost:3306/letmedowith_test|     alter table member_follow         drop         foreign key FK1wlcnyo4j7gl8oxjje8m27119|     alter table member_follow         drop         foreign key FK1wlcnyo4j7gl8oxjje8m27119
1784389460251|3|statement|connection 4554|url jdbc:mysql://localhost:3306/letmedowith_test|     alter table member_social_account         drop         foreign key FK3f6sh5arekj1s8ta6j8g6ojtx|     alter table member_social_account         drop         foreign key FK3f6sh5arekj1s8ta6j8g6ojtx
1784389460253|2|statement|connection 4554|url jdbc:mysql://localhost:3306/letmedowith_test|     alter table member_status_history         drop         foreign key FK2oi1yq1grh5gq36u5w5rakqau|     alter table member_status_history         drop         foreign key FK2oi1yq1grh5gq36u5w5rakqau
1784389460256|2|statement|connection 4554|url jdbc:mysql://localhost:3306/letmedowith_test|     alter table member_term_agree         drop         foreign key FK27udwntf6y3danhk4kf00ifyt|     alter table member_term_agree         drop         foreign key FK27udwntf6y3danhk4kf00ifyt
1784389460259|2|statement|connection 4554|url jdbc:mysql://localhost:3306/letmedowith_test|     alter table notice_content_image         drop         foreign key FK6f5n3sm0d6ri9vspt8lak50lo|     alter table notice_content_image         drop         foreign key FK6f5n3sm0d6ri9vspt8lak50lo
1784389460261|2|statement|connection 4554|url jdbc:mysql://localhost:3306/letmedowith_test|     alter table ranking_entry         drop         foreign key FKbftpjnfqcg0ulghsw14tjjyk|     alter table ranking_entry         drop         foreign key FKbftpjnfqcg0ulghsw14tjjyk
1784389460264|2|statement|connection 4554|url jdbc:mysql://localhost:3306/letmedowith_test|     alter table ranking_topic         drop         foreign key FK1300ardn1ltmbfpp4rkuk97yd|     alter table ranking_topic         drop         foreign key FK1300ardn1ltmbfpp4rkuk97yd
1784389460266|2|statement|connection 4554|url jdbc:mysql://localhost:3306/letmedowith_test|     alter table ranking_topic_round         drop         foreign key FKgv4exjxd1tobi4i9748n1suts|     alter table ranking_topic_round         drop         foreign key FKgv4exjxd1tobi4i9748n1suts
1784389460269|2|statement|connection 4554|url jdbc:mysql://localhost:3306/letmedowith_test|     alter table task_feedback_template_message         drop         foreign key FK2xw1gd0ww0s08iv3lo6qat0oo|     alter table task_feedback_template_message         drop         foreign key FK2xw1gd0ww0s08iv3lo6qat0oo
1784389460271|2|statement|connection 4554|url jdbc:mysql://localhost:3306/letmedowith_test|     alter table todo_task         drop         foreign key FKq9txtlns4mgoyh11t1jqumpme|     alter table todo_task         drop         foreign key FKq9txtlns4mgoyh11t1jqumpme
1784389460274|3|statement|connection 4554|url jdbc:mysql://localhost:3306/letmedowith_test|     drop table if exists badge|     drop table if exists badge
1784389460279|3|statement|connection 4554|url jdbc:mysql://localhost:3306/letmedowith_test|     drop table if exists dev_refresh_token|     drop table if exists dev_refresh_token
1784389460285|4|statement|connection 4554|url jdbc:mysql://localhost:3306/letmedowith_test|     drop table if exists dowith_task|     drop table if exists dowith_task
1784389460289|2|statement|connection 4554|url jdbc:mysql://localhost:3306/letmedowith_test|     drop table if exists dowith_task_feedback|     drop table if exists dowith_task_feedback
1784389460293|2|statement|connection 4554|url jdbc:mysql://localhost:3306/letmedowith_test|     drop table if exists dowith_task_like|     drop table if exists dowith_task_like
1784389460296|2|statement|connection 4554|url jdbc:mysql://localhost:3306/letmedowith_test|     drop table if exists dowith_task_routine|     drop table if exists dowith_task_routine
1784389460300|2|statement|connection 4554|url jdbc:mysql://localhost:3306/letmedowith_test|     drop table if exists dowith_task_success|     drop table if exists dowith_task_success
1784389460303|2|statement|connection 4554|url jdbc:mysql://localhost:3306/letmedowith_test|     drop table if exists holiday|     drop table if exists holiday
1784389460306|2|statement|connection 4554|url jdbc:mysql://localhost:3306/letmedowith_test|     drop table if exists member|     drop table if exists member
1784389460309|2|statement|connection 4554|url jdbc:mysql://localhost:3306/letmedowith_test|     drop table if exists member_alarm_setting|     drop table if exists member_alarm_setting
1784389460313|2|statement|connection 4554|url jdbc:mysql://localhost:3306/letmedowith_test|     drop table if exists member_badge|     drop table if exists member_badge
1784389460316|2|statement|connection 4554|url jdbc:mysql://localhost:3306/letmedowith_test|     drop table if exists member_follow|     drop table if exists member_follow
1784389460318|2|statement|connection 4554|url jdbc:mysql://localhost:3306/letmedowith_test|     drop table if exists member_social_account|     drop table if exists member_social_account
1784389460322|2|statement|connection 4554|url jdbc:mysql://localhost:3306/letmedowith_test|     drop table if exists member_status_history|     drop table if exists member_status_history
1784389460325|2|statement|connection 4554|url jdbc:mysql://localhost:3306/letmedowith_test|     drop table if exists member_term_agree|     drop table if exists member_term_agree
1784389460328|2|statement|connection 4554|url jdbc:mysql://localhost:3306/letmedowith_test|     drop table if exists notice|     drop table if exists notice
1784389460331|2|statement|connection 4554|url jdbc:mysql://localhost:3306/letmedowith_test|     drop table if exists notice_content_image|     drop table if exists notice_content_image
1784389460334|2|statement|connection 4554|url jdbc:mysql://localhost:3306/letmedowith_test|     drop table if exists notification|     drop table if exists notification
1784389460337|2|statement|connection 4554|url jdbc:mysql://localhost:3306/letmedowith_test|     drop table if exists notification_template|     drop table if exists notification_template
1784389460340|2|statement|connection 4554|url jdbc:mysql://localhost:3306/letmedowith_test|     drop table if exists notification_token|     drop table if exists notification_token
1784389460344|2|statement|connection 4554|url jdbc:mysql://localhost:3306/letmedowith_test|     drop table if exists ranking_entry|     drop table if exists ranking_entry
1784389460347|2|statement|connection 4554|url jdbc:mysql://localhost:3306/letmedowith_test|     drop table if exists ranking_topic|     drop table if exists ranking_topic
1784389460350|2|statement|connection 4554|url jdbc:mysql://localhost:3306/letmedowith_test|     drop table if exists ranking_topic_round|     drop table if exists ranking_topic_round
1784389460353|2|statement|connection 4554|url jdbc:mysql://localhost:3306/letmedowith_test|     drop table if exists task_category|     drop table if exists task_category
1784389460356|2|statement|connection 4554|url jdbc:mysql://localhost:3306/letmedowith_test|     drop table if exists task_feedback_template|     drop table if exists task_feedback_template
1784389460359|2|statement|connection 4554|url jdbc:mysql://localhost:3306/letmedowith_test|     drop table if exists task_feedback_template_message|     drop table if exists task_feedback_template_message
1784389460362|2|statement|connection 4554|url jdbc:mysql://localhost:3306/letmedowith_test|     drop table if exists task_summary|     drop table if exists task_summary
1784389460365|2|statement|connection 4554|url jdbc:mysql://localhost:3306/letmedowith_test|     drop table if exists todo_task|     drop table if exists todo_task
1784389460368|2|statement|connection 4554|url jdbc:mysql://localhost:3306/letmedowith_test|     drop table if exists todo_task_routine|     drop table if exists todo_task_routine
1784389460549|2|statement|connection 4555|url jdbc:mysql://localhost:3306/letmedowith_test|     alter table dowith_task         drop         foreign key FKkjm1t4jam94wtf486023jdaam|     alter table dowith_task         drop         foreign key FKkjm1t4jam94wtf486023jdaam
1784389460552|2|statement|connection 4555|url jdbc:mysql://localhost:3306/letmedowith_test|     alter table dowith_task_like         drop         foreign key FKe3yxe45m46uwf8fhgul36un9v|     alter table dowith_task_like         drop         foreign key FKe3yxe45m46uwf8fhgul36un9v
1784389460553|1|statement|connection 4555|url jdbc:mysql://localhost:3306/letmedowith_test|     alter table dowith_task_success         drop         foreign key FKg8cantau9xpnh63og64mn8svu|     alter table dowith_task_success         drop         foreign key FKg8cantau9xpnh63og64mn8svu
1784389460555|1|statement|connection 4555|url jdbc:mysql://localhost:3306/letmedowith_test|     alter table member_alarm_setting         drop         foreign key FKj6uf0pevg5lu24k0fe5j1e38p|     alter table member_alarm_setting         drop         foreign key FKj6uf0pevg5lu24k0fe5j1e38p
1784389460557|1|statement|connection 4555|url jdbc:mysql://localhost:3306/letmedowith_test|     alter table member_badge         drop         foreign key FK39altb7wsyx1gyx3m492wf2kb|     alter table member_badge         drop         foreign key FK39altb7wsyx1gyx3m492wf2kb
1784389460559|1|statement|connection 4555|url jdbc:mysql://localhost:3306/letmedowith_test|     alter table member_follow         drop         foreign key FKrshygjds7c4j7prtkkok4ax6p|     alter table member_follow         drop         foreign key FKrshygjds7c4j7prtkkok4ax6p
1784389460561|2|statement|connection 4555|url jdbc:mysql://localhost:3306/letmedowith_test|     alter table member_follow         drop         foreign key FK1wlcnyo4j7gl8oxjje8m27119|     alter table member_follow         drop         foreign key FK1wlcnyo4j7gl8oxjje8m27119
1784389460564|2|statement|connection 4555|url jdbc:mysql://localhost:3306/letmedowith_test|     alter table member_social_account         drop         foreign key FK3f6sh5arekj1s8ta6j8g6ojtx|     alter table member_social_account         drop         foreign key FK3f6sh5arekj1s8ta6j8g6ojtx
1784389460566|1|statement|connection 4555|url jdbc:mysql://localhost:3306/letmedowith_test|     alter table member_status_history         drop         foreign key FK2oi1yq1grh5gq36u5w5rakqau|     alter table member_status_history         drop         foreign key FK2oi1yq1grh5gq36u5w5rakqau
1784389460567|1|statement|connection 4555|url jdbc:mysql://localhost:3306/letmedowith_test|     alter table member_term_agree         drop         foreign key FK27udwntf6y3danhk4kf00ifyt|     alter table member_term_agree         drop         foreign key FK27udwntf6y3danhk4kf00ifyt
1784389460569|1|statement|connection 4555|url jdbc:mysql://localhost:3306/letmedowith_test|     alter table notice_content_image         drop         foreign key FK6f5n3sm0d6ri9vspt8lak50lo|     alter table notice_content_image         drop         foreign key FK6f5n3sm0d6ri9vspt8lak50lo
1784389460572|2|statement|connection 4555|url jdbc:mysql://localhost:3306/letmedowith_test|     alter table ranking_entry         drop         foreign key FKbftpjnfqcg0ulghsw14tjjyk|     alter table ranking_entry         drop         foreign key FKbftpjnfqcg0ulghsw14tjjyk
1784389460574|2|statement|connection 4555|url jdbc:mysql://localhost:3306/letmedowith_test|     alter table ranking_topic         drop         foreign key FK1300ardn1ltmbfpp4rkuk97yd|     alter table ranking_topic         drop         foreign key FK1300ardn1ltmbfpp4rkuk97yd
1784389460576|1|statement|connection 4555|url jdbc:mysql://localhost:3306/letmedowith_test|     alter table ranking_topic_round         drop         foreign key FKgv4exjxd1tobi4i9748n1suts|     alter table ranking_topic_round         drop         foreign key FKgv4exjxd1tobi4i9748n1suts
1784389460578|2|statement|connection 4555|url jdbc:mysql://localhost:3306/letmedowith_test|     alter table task_feedback_template_message         drop         foreign key FK2xw1gd0ww0s08iv3lo6qat0oo|     alter table task_feedback_template_message         drop         foreign key FK2xw1gd0ww0s08iv3lo6qat0oo
1784389460579|1|statement|connection 4555|url jdbc:mysql://localhost:3306/letmedowith_test|     alter table todo_task         drop         foreign key FKq9txtlns4mgoyh11t1jqumpme|     alter table todo_task         drop         foreign key FKq9txtlns4mgoyh11t1jqumpme
1784389460582|2|statement|connection 4555|url jdbc:mysql://localhost:3306/letmedowith_test|     drop table if exists badge|     drop table if exists badge
1784389460585|2|statement|connection 4555|url jdbc:mysql://localhost:3306/letmedowith_test|     drop table if exists dev_refresh_token|     drop table if exists dev_refresh_token
1784389460588|2|statement|connection 4555|url jdbc:mysql://localhost:3306/letmedowith_test|     drop table if exists dowith_task|     drop table if exists dowith_task
1784389460592|2|statement|connection 4555|url jdbc:mysql://localhost:3306/letmedowith_test|     drop table if exists dowith_task_feedback|     drop table if exists dowith_task_feedback
1784389460594|2|statement|connection 4555|url jdbc:mysql://localhost:3306/letmedowith_test|     drop table if exists dowith_task_like|     drop table if exists dowith_task_like
1784389460597|1|statement|connection 4555|url jdbc:mysql://localhost:3306/letmedowith_test|     drop table if exists dowith_task_routine|     drop table if exists dowith_task_routine
1784389460600|2|statement|connection 4555|url jdbc:mysql://localhost:3306/letmedowith_test|     drop table if exists dowith_task_success|     drop table if exists dowith_task_success
1784389460604|2|statement|connection 4555|url jdbc:mysql://localhost:3306/letmedowith_test|     drop table if exists holiday|     drop table if exists holiday
1784389460607|1|statement|connection 4555|url jdbc:mysql://localhost:3306/letmedowith_test|     drop table if exists member|     drop table if exists member
1784389460610|2|statement|connection 4555|url jdbc:mysql://localhost:3306/letmedowith_test|     drop table if exists member_alarm_setting|     drop table if exists member_alarm_setting
1784389460613|2|statement|connection 4555|url jdbc:mysql://localhost:3306/letmedowith_test|     drop table if exists member_badge|     drop table if exists member_badge
1784389460617|3|statement|connection 4555|url jdbc:mysql://localhost:3306/letmedowith_test|     drop table if exists member_follow|     drop table if exists member_follow
1784389460621|2|statement|connection 4555|url jdbc:mysql://localhost:3306/letmedowith_test|     drop table if exists member_social_account|     drop table if exists member_social_account
1784389460625|3|statement|connection 4555|url jdbc:mysql://localhost:3306/letmedowith_test|     drop table if exists member_status_history|     drop table if exists member_status_history
1784389460627|1|statement|connection 4555|url jdbc:mysql://localhost:3306/letmedowith_test|     drop table if exists member_term_agree|     drop table if exists member_term_agree
1784389460631|2|statement|connection 4555|url jdbc:mysql://localhost:3306/letmedowith_test|     drop table if exists notice|     drop table if exists notice
1784389460634|2|statement|connection 4555|url jdbc:mysql://localhost:3306/letmedowith_test|     drop table if exists notice_content_image|     drop table if exists notice_content_image
1784389460637|2|statement|connection 4555|url jdbc:mysql://localhost:3306/letmedowith_test|     drop table if exists notification|     drop table if exists notification
1784389460642|3|statement|connection 4555|url jdbc:mysql://localhost:3306/letmedowith_test|     drop table if exists notification_template|     drop table if exists notification_template
1784389460646|2|statement|connection 4555|url jdbc:mysql://localhost:3306/letmedowith_test|     drop table if exists notification_token|     drop table if exists notification_token
1784389460649|2|statement|connection 4555|url jdbc:mysql://localhost:3306/letmedowith_test|     drop table if exists ranking_entry|     drop table if exists ranking_entry
1784389460654|3|statement|connection 4555|url jdbc:mysql://localhost:3306/letmedowith_test|     drop table if exists ranking_topic|     drop table if exists ranking_topic
1784389460658|2|statement|connection 4555|url jdbc:mysql://localhost:3306/letmedowith_test|     drop table if exists ranking_topic_round|     drop table if exists ranking_topic_round
1784389460662|2|statement|connection 4555|url jdbc:mysql://localhost:3306/letmedowith_test|     drop table if exists task_category|     drop table if exists task_category
1784389460665|2|statement|connection 4555|url jdbc:mysql://localhost:3306/letmedowith_test|     drop table if exists task_feedback_template|     drop table if exists task_feedback_template
1784389460668|2|statement|connection 4555|url jdbc:mysql://localhost:3306/letmedowith_test|     drop table if exists task_feedback_template_message|     drop table if exists task_feedback_template_message
1784389460672|2|statement|connection 4555|url jdbc:mysql://localhost:3306/letmedowith_test|     drop table if exists task_summary|     drop table if exists task_summary
1784389460675|2|statement|connection 4555|url jdbc:mysql://localhost:3306/letmedowith_test|     drop table if exists todo_task|     drop table if exists todo_task
1784389460677|1|statement|connection 4555|url jdbc:mysql://localhost:3306/letmedowith_test|     drop table if exists todo_task_routine|     drop table if exists todo_task_routine
1784389460735|2|statement|connection 4556|url jdbc:mysql://localhost:3306/letmedowith_test|     alter table dowith_task         drop         foreign key FKkjm1t4jam94wtf486023jdaam|     alter table dowith_task         drop         foreign key FKkjm1t4jam94wtf486023jdaam
1784389460738|3|statement|connection 4556|url jdbc:mysql://localhost:3306/letmedowith_test|     alter table dowith_task_like         drop         foreign key FKe3yxe45m46uwf8fhgul36un9v|     alter table dowith_task_like         drop         foreign key FKe3yxe45m46uwf8fhgul36un9v
1784389460741|2|statement|connection 4556|url jdbc:mysql://localhost:3306/letmedowith_test|     alter table dowith_task_success         drop         foreign key FKg8cantau9xpnh63og64mn8svu|     alter table dowith_task_success         drop         foreign key FKg8cantau9xpnh63og64mn8svu
1784389460743|1|statement|connection 4556|url jdbc:mysql://localhost:3306/letmedowith_test|     alter table member_alarm_setting         drop         foreign key FKj6uf0pevg5lu24k0fe5j1e38p|     alter table member_alarm_setting         drop         foreign key FKj6uf0pevg5lu24k0fe5j1e38p
1784389460745|2|statement|connection 4556|url jdbc:mysql://localhost:3306/letmedowith_test|     alter table member_badge         drop         foreign key FK39altb7wsyx1gyx3m492wf2kb|     alter table member_badge         drop         foreign key FK39altb7wsyx1gyx3m492wf2kb
1784389460747|1|statement|connection 4556|url jdbc:mysql://localhost:3306/letmedowith_test|     alter table member_follow         drop         foreign key FKrshygjds7c4j7prtkkok4ax6p|     alter table member_follow         drop         foreign key FKrshygjds7c4j7prtkkok4ax6p
1784389460748|1|statement|connection 4556|url jdbc:mysql://localhost:3306/letmedowith_test|     alter table member_follow         drop         foreign key FK1wlcnyo4j7gl8oxjje8m27119|     alter table member_follow         drop         foreign key FK1wlcnyo4j7gl8oxjje8m27119
1784389460751|2|statement|connection 4556|url jdbc:mysql://localhost:3306/letmedowith_test|     alter table member_social_account         drop         foreign key FK3f6sh5arekj1s8ta6j8g6ojtx|     alter table member_social_account         drop         foreign key FK3f6sh5arekj1s8ta6j8g6ojtx
1784389460753|1|statement|connection 4556|url jdbc:mysql://localhost:3306/letmedowith_test|     alter table member_status_history         drop         foreign key FK2oi1yq1grh5gq36u5w5rakqau|     alter table member_status_history         drop         foreign key FK2oi1yq1grh5gq36u5w5rakqau
1784389460755|2|statement|connection 4556|url jdbc:mysql://localhost:3306/letmedowith_test|     alter table member_term_agree         drop         foreign key FK27udwntf6y3danhk4kf00ifyt|     alter table member_term_agree         drop         foreign key FK27udwntf6y3danhk4kf00ifyt
1784389460758|2|statement|connection 4556|url jdbc:mysql://localhost:3306/letmedowith_test|     alter table notice_content_image         drop         foreign key FK6f5n3sm0d6ri9vspt8lak50lo|     alter table notice_content_image         drop         foreign key FK6f5n3sm0d6ri9vspt8lak50lo
1784389460760|2|statement|connection 4556|url jdbc:mysql://localhost:3306/letmedowith_test|     alter table ranking_entry         drop         foreign key FKbftpjnfqcg0ulghsw14tjjyk|     alter table ranking_entry         drop         foreign key FKbftpjnfqcg0ulghsw14tjjyk
1784389460762|1|statement|connection 4556|url jdbc:mysql://localhost:3306/letmedowith_test|     alter table ranking_topic         drop         foreign key FK1300ardn1ltmbfpp4rkuk97yd|     alter table ranking_topic         drop         foreign key FK1300ardn1ltmbfpp4rkuk97yd
1784389460765|2|statement|connection 4556|url jdbc:mysql://localhost:3306/letmedowith_test|     alter table ranking_topic_round         drop         foreign key FKgv4exjxd1tobi4i9748n1suts|     alter table ranking_topic_round         drop         foreign key FKgv4exjxd1tobi4i9748n1suts
1784389460767|1|statement|connection 4556|url jdbc:mysql://localhost:3306/letmedowith_test|     alter table task_feedback_template_message         drop         foreign key FK2xw1gd0ww0s08iv3lo6qat0oo|     alter table task_feedback_template_message         drop         foreign key FK2xw1gd0ww0s08iv3lo6qat0oo
1784389460770|3|statement|connection 4556|url jdbc:mysql://localhost:3306/letmedowith_test|     alter table todo_task         drop         foreign key FKq9txtlns4mgoyh11t1jqumpme|     alter table todo_task         drop         foreign key FKq9txtlns4mgoyh11t1jqumpme
1784389460773|3|statement|connection 4556|url jdbc:mysql://localhost:3306/letmedowith_test|     drop table if exists badge|     drop table if exists badge
1784389460777|3|statement|connection 4556|url jdbc:mysql://localhost:3306/letmedowith_test|     drop table if exists dev_refresh_token|     drop table if exists dev_refresh_token
1784389460780|2|statement|connection 4556|url jdbc:mysql://localhost:3306/letmedowith_test|     drop table if exists dowith_task|     drop table if exists dowith_task
1784389460784|2|statement|connection 4556|url jdbc:mysql://localhost:3306/letmedowith_test|     drop table if exists dowith_task_feedback|     drop table if exists dowith_task_feedback
1784389460788|3|statement|connection 4556|url jdbc:mysql://localhost:3306/letmedowith_test|     drop table if exists dowith_task_like|     drop table if exists dowith_task_like
1784389460791|2|statement|connection 4556|url jdbc:mysql://localhost:3306/letmedowith_test|     drop table if exists dowith_task_routine|     drop table if exists dowith_task_routine
1784389460794|2|statement|connection 4556|url jdbc:mysql://localhost:3306/letmedowith_test|     drop table if exists dowith_task_success|     drop table if exists dowith_task_success
1784389460797|1|statement|connection 4556|url jdbc:mysql://localhost:3306/letmedowith_test|     drop table if exists holiday|     drop table if exists holiday
1784389460800|2|statement|connection 4556|url jdbc:mysql://localhost:3306/letmedowith_test|     drop table if exists member|     drop table if exists member
1784389460803|2|statement|connection 4556|url jdbc:mysql://localhost:3306/letmedowith_test|     drop table if exists member_alarm_setting|     drop table if exists member_alarm_setting
1784389460806|2|statement|connection 4556|url jdbc:mysql://localhost:3306/letmedowith_test|     drop table if exists member_badge|     drop table if exists member_badge
1784389460809|2|statement|connection 4556|url jdbc:mysql://localhost:3306/letmedowith_test|     drop table if exists member_follow|     drop table if exists member_follow
1784389460812|2|statement|connection 4556|url jdbc:mysql://localhost:3306/letmedowith_test|     drop table if exists member_social_account|     drop table if exists member_social_account
1784389460815|1|statement|connection 4556|url jdbc:mysql://localhost:3306/letmedowith_test|     drop table if exists member_status_history|     drop table if exists member_status_history
1784389460817|2|statement|connection 4556|url jdbc:mysql://localhost:3306/letmedowith_test|     drop table if exists member_term_agree|     drop table if exists member_term_agree
1784389460821|2|statement|connection 4556|url jdbc:mysql://localhost:3306/letmedowith_test|     drop table if exists notice|     drop table if exists notice
1784389460824|2|statement|connection 4556|url jdbc:mysql://localhost:3306/letmedowith_test|     drop table if exists notice_content_image|     drop table if exists notice_content_image
1784389460827|2|statement|connection 4556|url jdbc:mysql://localhost:3306/letmedowith_test|     drop table if exists notification|     drop table if exists notification
1784389460829|1|statement|connection 4556|url jdbc:mysql://localhost:3306/letmedowith_test|     drop table if exists notification_template|     drop table if exists notification_template
1784389460832|2|statement|connection 4556|url jdbc:mysql://localhost:3306/letmedowith_test|     drop table if exists notification_token|     drop table if exists notification_token
1784389460834|1|statement|connection 4556|url jdbc:mysql://localhost:3306/letmedowith_test|     drop table if exists ranking_entry|     drop table if exists ranking_entry
1784389460837|2|statement|connection 4556|url jdbc:mysql://localhost:3306/letmedowith_test|     drop table if exists ranking_topic|     drop table if exists ranking_topic
1784389460841|2|statement|connection 4556|url jdbc:mysql://localhost:3306/letmedowith_test|     drop table if exists ranking_topic_round|     drop table if exists ranking_topic_round
1784389460843|2|statement|connection 4556|url jdbc:mysql://localhost:3306/letmedowith_test|     drop table if exists task_category|     drop table if exists task_category
1784389460846|1|statement|connection 4556|url jdbc:mysql://localhost:3306/letmedowith_test|     drop table if exists task_feedback_template|     drop table if exists task_feedback_template
1784389460848|1|statement|connection 4556|url jdbc:mysql://localhost:3306/letmedowith_test|     drop table if exists task_feedback_template_message|     drop table if exists task_feedback_template_message
1784389460851|2|statement|connection 4556|url jdbc:mysql://localhost:3306/letmedowith_test|     drop table if exists task_summary|     drop table if exists task_summary
1784389460854|2|statement|connection 4556|url jdbc:mysql://localhost:3306/letmedowith_test|     drop table if exists todo_task|     drop table if exists todo_task
1784389460857|2|statement|connection 4556|url jdbc:mysql://localhost:3306/letmedowith_test|     drop table if exists todo_task_routine|     drop table if exists todo_task_routine
1787496335994|2|statement|connection 1156|url jdbc:mysql://localhost:3306/letmedowith_test|     alter table dowith_task         drop         foreign key FKkjm1t4jam94wtf486023jdaam|     alter table dowith_task         drop         foreign key FKkjm1t4jam94wtf486023jdaam
1787496335997|1|statement|connection 1156|url jdbc:mysql://localhost:3306/letmedowith_test|     alter table dowith_task_like         drop         foreign key FKe3yxe45m46uwf8fhgul36un9v|     alter table dowith_task_like         drop         foreign key FKe3yxe45m46uwf8fhgul36un9v
1787496335999|2|statement|connection 1156|url jdbc:mysql://localhost:3306/letmedowith_test|     alter table dowith_task_success         drop         foreign key FKg8cantau9xpnh63og64mn8svu|     alter table dowith_task_success         drop         foreign key FKg8cantau9xpnh63og64mn8svu
1787496336003|3|statement|connection 1156|url jdbc:mysql://localhost:3306/letmedowith_test|     alter table member_alarm_setting         drop         foreign key FKj6uf0pevg5lu24k0fe5j1e38p|     alter table member_alarm_setting         drop         foreign key FKj6uf0pevg5lu24k0fe5j1e38p
1787496336005|1|statement|connection 1156|url jdbc:mysql://localhost:3306/letmedowith_test|     alter table member_badge         drop         foreign key FK39altb7wsyx1gyx3m492wf2kb|     alter table member_badge         drop         foreign key FK39altb7wsyx1gyx3m492wf2kb
1787496336006|1|statement|connection 1156|url jdbc:mysql://localhost:3306/letmedowith_test|     alter table member_follow         drop         foreign key FKrshygjds7c4j7prtkkok4ax6p|     alter table member_follow         drop         foreign key FKrshygjds7c4j7prtkkok4ax6p
1787496336008|1|statement|connection 1156|url jdbc:mysql://localhost:3306/letmedowith_test|     alter table member_follow         drop         foreign key FK1wlcnyo4j7gl8oxjje8m27119|     alter table member_follow         drop         foreign key FK1wlcnyo4j7gl8oxjje8m27119
1787496336012|3|statement|connection 1156|url jdbc:mysql://localhost:3306/letmedowith_test|     alter table member_social_account         drop         foreign key FK3f6sh5arekj1s8ta6j8g6ojtx|     alter table member_social_account         drop         foreign key FK3f6sh5arekj1s8ta6j8g6ojtx
1787496336014|2|statement|connection 1156|url jdbc:mysql://localhost:3306/letmedowith_test|     alter table member_status_history         drop         foreign key FK2oi1yq1grh5gq36u5w5rakqau|     alter table member_status_history         drop         foreign key FK2oi1yq1grh5gq36u5w5rakqau
1787496336016|2|statement|connection 1156|url jdbc:mysql://localhost:3306/letmedowith_test|     alter table member_term_agree         drop         foreign key FK27udwntf6y3danhk4kf00ifyt|     alter table member_term_agree         drop         foreign key FK27udwntf6y3danhk4kf00ifyt
1787496336019|2|statement|connection 1156|url jdbc:mysql://localhost:3306/letmedowith_test|     alter table notice_content_image         drop         foreign key FK6f5n3sm0d6ri9vspt8lak50lo|     alter table notice_content_image         drop         foreign key FK6f5n3sm0d6ri9vspt8lak50lo
1787496336021|2|statement|connection 1156|url jdbc:mysql://localhost:3306/letmedowith_test|     alter table ranking_entry         drop         foreign key FKbftpjnfqcg0ulghsw14tjjyk|     alter table ranking_entry         drop         foreign key FKbftpjnfqcg0ulghsw14tjjyk
1787496336024|2|statement|connection 1156|url jdbc:mysql://localhost:3306/letmedowith_test|     alter table ranking_topic         drop         foreign key FK1300ardn1ltmbfpp4rkuk97yd|     alter table ranking_topic         drop         foreign key FK1300ardn1ltmbfpp4rkuk97yd
1787496336026|2|statement|connection 1156|url jdbc:mysql://localhost:3306/letmedowith_test|     alter table ranking_topic_round         drop         foreign key FKgv4exjxd1tobi4i9748n1suts|     alter table ranking_topic_round         drop         foreign key FKgv4exjxd1tobi4i9748n1suts
1787496336029|2|statement|connection 1156|url jdbc:mysql://localhost:3306/letmedowith_test|     alter table task_feedback_template_message         drop         foreign key FK2xw1gd0ww0s08iv3lo6qat0oo|     alter table task_feedback_template_message         drop         foreign key FK2xw1gd0ww0s08iv3lo6qat0oo
1787496336032|3|statement|connection 1156|url jdbc:mysql://localhost:3306/letmedowith_test|     alter table todo_task         drop         foreign key FKq9txtlns4mgoyh11t1jqumpme|     alter table todo_task         drop         foreign key FKq9txtlns4mgoyh11t1jqumpme
1787496336037|4|statement|connection 1156|url jdbc:mysql://localhost:3306/letmedowith_test|     drop table if exists badge|     drop table if exists badge
1787496336041|2|statement|connection 1156|url jdbc:mysql://localhost:3306/letmedowith_test|     drop table if exists dev_refresh_token|     drop table if exists dev_refresh_token
1787496336044|2|statement|connection 1156|url jdbc:mysql://localhost:3306/letmedowith_test|     drop table if exists dowith_task|     drop table if exists dowith_task
1787496336047|2|statement|connection 1156|url jdbc:mysql://localhost:3306/letmedowith_test|     drop table if exists dowith_task_feedback|     drop table if exists dowith_task_feedback
1787496336053|4|statement|connection 1156|url jdbc:mysql://localhost:3306/letmedowith_test|     drop table if exists dowith_task_like|     drop table if exists dowith_task_like
1787496336057|3|statement|connection 1156|url jdbc:mysql://localhost:3306/letmedowith_test|     drop table if exists dowith_task_routine|     drop table if exists dowith_task_routine
1787496336062|3|statement|connection 1156|url jdbc:mysql://localhost:3306/letmedowith_test|     drop table if exists dowith_task_success|     drop table if exists dowith_task_success
1787496336066|3|statement|connection 1156|url jdbc:mysql://localhost:3306/letmedowith_test|     drop table if exists holiday|     drop table if exists holiday
1787496336072|4|statement|connection 1156|url jdbc:mysql://localhost:3306/letmedowith_test|     drop table if exists member|     drop table if exists member
1787496336076|2|statement|connection 1156|url jdbc:mysql://localhost:3306/letmedowith_test|     drop table if exists member_alarm_setting|     drop table if exists member_alarm_setting
1787496336084|5|statement|connection 1156|url jdbc:mysql://localhost:3306/letmedowith_test|     drop table if exists member_badge|     drop table if exists member_badge
1787496336093|7|statement|connection 1156|url jdbc:mysql://localhost:3306/letmedowith_test|     drop table if exists member_follow|     drop table if exists member_follow
1787496336104|6|statement|connection 1156|url jdbc:mysql://localhost:3306/letmedowith_test|     drop table if exists member_social_account|     drop table if exists member_social_account
1787496336112|6|statement|connection 1156|url jdbc:mysql://localhost:3306/letmedowith_test|     drop table if exists member_status_history|     drop table if exists member_status_history
1787496336118|4|statement|connection 1156|url jdbc:mysql://localhost:3306/letmedowith_test|     drop table if exists member_term_agree|     drop table if exists member_term_agree
1787496336124|5|statement|connection 1156|url jdbc:mysql://localhost:3306/letmedowith_test|     drop table if exists notice|     drop table if exists notice
1787496336134|7|statement|connection 1156|url jdbc:mysql://localhost:3306/letmedowith_test|     drop table if exists notice_content_image|     drop table if exists notice_content_image
1787496336140|4|statement|connection 1156|url jdbc:mysql://localhost:3306/letmedowith_test|     drop table if exists notification|     drop table if exists notification
1787496336150|9|statement|connection 1156|url jdbc:mysql://localhost:3306/letmedowith_test|     drop table if exists notification_template|     drop table if exists notification_template
1787496336159|6|statement|connection 1156|url jdbc:mysql://localhost:3306/letmedowith_test|     drop table if exists notification_token|     drop table if exists notification_token
1787496336165|4|statement|connection 1156|url jdbc:mysql://localhost:3306/letmedowith_test|     drop table if exists ranking_entry|     drop table if exists ranking_entry
1787496336172|5|statement|connection 1156|url jdbc:mysql://localhost:3306/letmedowith_test|     drop table if exists ranking_topic|     drop table if exists ranking_topic
1787496336179|4|statement|connection 1156|url jdbc:mysql://localhost:3306/letmedowith_test|     drop table if exists ranking_topic_round|     drop table if exists ranking_topic_round
1787496336187|5|statement|connection 1156|url jdbc:mysql://localhost:3306/letmedowith_test|     drop table if exists task_category|     drop table if exists task_category
1787496336193|4|statement|connection 1156|url jdbc:mysql://localhost:3306/letmedowith_test|     drop table if exists task_feedback_template|     drop table if exists task_feedback_template
1787496336200|5|statement|connection 1156|url jdbc:mysql://localhost:3306/letmedowith_test|     drop table if exists task_feedback_template_message|     drop table if exists task_feedback_template_message
1787496336206|4|statement|connection 1156|url jdbc:mysql://localhost:3306/letmedowith_test|     drop table if exists task_summary|     drop table if exists task_summary
1787496336215|7|statement|connection 1156|url jdbc:mysql://localhost:3306/letmedowith_test|     drop table if exists todo_task|     drop table if exists todo_task
1787496336223|5|statement|connection 1156|url jdbc:mysql://localhost:3306/letmedowith_test|     drop table if exists todo_task_routine|     drop table if exists todo_task_routine
